chrom	start	end	rsids	probability	ranking	tissue_specific_scores	ChIP	Chromatin_accessibility	Footprint	Footprint_matched	IC_matched_max	IC_max	PWM	PWM_matched	QTL
chr17	45816536	45816537	rs368605173	0.60906	4	{'adipose tissue': '0.18004', 'adrenal gland': '0.18004', 'arterial blood vessel': '0.18004', 'blood': '0.19569', 'blood vessel': '0.18004', 'bone element': '0.18004', 'bone marrow': '0.18004', 'brain': '0.14045', 'breast': '0.18004', 'colon': '0.18004', 'connective tissue': '0.19569', 'ear': '0.18004', 'embryo': '0.27353', 'endocrine gland': '0.16731', 'epithelium': '0.16731', 'esophagus': '0.18004', 'exocrine gland': '0.16731', 'extraembryonic component': '0.18004', 'eye': '0.28364', 'gonad': '0.18004', 'heart': '0.18004', 'immune organ': '0.18004', 'intestine': '0.18004', 'kidney': '0.18004', 'large intestine': '0.18004', 'limb': '0.18004', 'liver': '0.16731', 'lung': '0.19569', 'lymph node': '0.18004', 'lymphoid tissue': '0.18004', 'mammary gland': '0.18004', 'mouth': '0.18004', 'musculature of body': '0.19569', 'nerve': '0.18004', 'ovary': '0.18004', 'pancreas': '0.18004', 'penis': '0.19569', 'placenta': '0.18004', 'prostate gland': '0.18004', 'skin of body': '0.19569', 'skin of prepuce of penis': '0.18004', 'small intestine': '0.18004', 'spinal cord': '0.27353', 'spleen': '0.18004', 'stomach': '0.18004', 'testis': '0.18004', 'thymus': '0.18004', 'thyroid gland': '0.18004', 'uterus': '0.18004', 'vagina': '0.18004', 'vasculature': '0.18004'}	True	True	False	False	0.0	0.0	False	False	False
chr17	45816566	45816567	rs1454028018	0.60906	4	{'adipose tissue': '0.18004', 'adrenal gland': '0.18004', 'arterial blood vessel': '0.18004', 'blood': '0.19569', 'blood vessel': '0.18004', 'bone element': '0.18004', 'bone marrow': '0.18004', 'brain': '0.14045', 'breast': '0.18004', 'colon': '0.18004', 'connective tissue': '0.19569', 'ear': '0.18004', 'embryo': '0.27353', 'endocrine gland': '0.16731', 'epithelium': '0.16731', 'esophagus': '0.18004', 'exocrine gland': '0.16731', 'extraembryonic component': '0.18004', 'eye': '0.28364', 'gonad': '0.18004', 'heart': '0.18004', 'immune organ': '0.18004', 'intestine': '0.18004', 'kidney': '0.18004', 'large intestine': '0.18004', 'limb': '0.18004', 'liver': '0.16731', 'lung': '0.19569', 'lymph node': '0.18004', 'lymphoid tissue': '0.18004', 'mammary gland': '0.18004', 'mouth': '0.18004', 'musculature of body': '0.19569', 'nerve': '0.18004', 'ovary': '0.18004', 'pancreas': '0.18004', 'penis': '0.19569', 'placenta': '0.18004', 'prostate gland': '0.18004', 'skin of body': '0.19569', 'skin of prepuce of penis': '0.18004', 'small intestine': '0.18004', 'spinal cord': '0.27353', 'spleen': '0.18004', 'stomach': '0.18004', 'testis': '0.18004', 'thymus': '0.18004', 'thyroid gland': '0.18004', 'uterus': '0.18004', 'vagina': '0.18004', 'vasculature': '0.18004'}	True	True	False	False	0.0	0.0	False	False	False
chr17	45821366	45821367	rs766278959	0.13454	5	{'adipose tissue': '0.03977', 'adrenal gland': '0.04323', 'arterial blood vessel': '0.03977', 'blood': '0.04323', 'blood vessel': '0.03977', 'bone element': '0.04323', 'bone marrow': '0.04323', 'brain': '0.03646', 'breast': '0.03977', 'colon': '0.04323', 'connective tissue': '0.04323', 'ear': '0.03977', 'embryo': '0.04323', 'endocrine gland': '0.04323', 'epithelium': '0.04323', 'esophagus': '0.04323', 'exocrine gland': '0.04323', 'extraembryonic component': '0.04323', 'eye': '0.03977', 'gonad': '0.03977', 'heart': '0.04323', 'immune organ': '0.04323', 'intestine': '0.04323', 'kidney': '0.03977', 'large intestine': '0.04323', 'limb': '0.03977', 'liver': '0.04323', 'lung': '0.04323', 'lymph node': '0.03977', 'lymphoid tissue': '0.03977', 'mammary gland': '0.04323', 'mouth': '0.03977', 'musculature of body': '0.03696', 'nerve': '0.03977', 'ovary': '0.03977', 'pancreas': '0.03977', 'penis': '0.02649', 'placenta': '0.04323', 'prostate gland': '0.04323', 'skin of body': '0.02649', 'skin of prepuce of penis': '0.03555', 'small intestine': '0.04323', 'spinal cord': '0.03555', 'spleen': '0.04323', 'stomach': '0.04323', 'testis': '0.03977', 'thymus': '0.04323', 'thyroid gland': '0.03977', 'uterus': '0.04323', 'vagina': '0.03977', 'vasculature': '0.03977'}	False	True	False	False	0.0	0.0	False	False	False
chr17	45821389	45821390	rs1007710883	0.13454	5	{'adipose tissue': '0.03977', 'adrenal gland': '0.04323', 'arterial blood vessel': '0.03977', 'blood': '0.04323', 'blood vessel': '0.03977', 'bone element': '0.04323', 'bone marrow': '0.04323', 'brain': '0.03102', 'breast': '0.03977', 'colon': '0.04323', 'connective tissue': '0.04323', 'ear': '0.03977', 'embryo': '0.04323', 'endocrine gland': '0.04323', 'epithelium': '0.04323', 'esophagus': '0.04323', 'exocrine gland': '0.04323', 'extraembryonic component': '0.04323', 'eye': '0.03977', 'gonad': '0.03977', 'heart': '0.04323', 'immune organ': '0.04323', 'intestine': '0.04323', 'kidney': '0.03977', 'large intestine': '0.04323', 'limb': '0.03977', 'liver': '0.04323', 'lung': '0.04323', 'lymph node': '0.03977', 'lymphoid tissue': '0.03977', 'mammary gland': '0.04323', 'mouth': '0.03977', 'musculature of body': '0.03696', 'nerve': '0.03977', 'ovary': '0.03977', 'pancreas': '0.03977', 'penis': '0.02649', 'placenta': '0.04323', 'prostate gland': '0.04323', 'skin of body': '0.02649', 'skin of prepuce of penis': '0.03555', 'small intestine': '0.04323', 'spinal cord': '0.03555', 'spleen': '0.04323', 'stomach': '0.04323', 'testis': '0.03977', 'thymus': '0.04323', 'thyroid gland': '0.03977', 'uterus': '0.04323', 'vagina': '0.03977', 'vasculature': '0.03977'}	False	True	False	False	0.0	0.0	False	False	False
chr17	45821390	45821391	rs1386239990	0.13454	5	{'adipose tissue': '0.03977', 'adrenal gland': '0.04323', 'arterial blood vessel': '0.03977', 'blood': '0.04323', 'blood vessel': '0.03977', 'bone element': '0.04323', 'bone marrow': '0.04323', 'brain': '0.03102', 'breast': '0.03977', 'colon': '0.04323', 'connective tissue': '0.04323', 'ear': '0.03977', 'embryo': '0.04323', 'endocrine gland': '0.04323', 'epithelium': '0.04323', 'esophagus': '0.04323', 'exocrine gland': '0.04323', 'extraembryonic component': '0.04323', 'eye': '0.03977', 'gonad': '0.03977', 'heart': '0.04323', 'immune organ': '0.04323', 'intestine': '0.04323', 'kidney': '0.03977', 'large intestine': '0.04323', 'limb': '0.03977', 'liver': '0.04323', 'lung': '0.04323', 'lymph node': '0.03977', 'lymphoid tissue': '0.03977', 'mammary gland': '0.04323', 'mouth': '0.03977', 'musculature of body': '0.03696', 'nerve': '0.03977', 'ovary': '0.03977', 'pancreas': '0.03977', 'penis': '0.02649', 'placenta': '0.04323', 'prostate gland': '0.04323', 'skin of body': '0.02649', 'skin of prepuce of penis': '0.03555', 'small intestine': '0.04323', 'spinal cord': '0.03555', 'spleen': '0.04323', 'stomach': '0.04323', 'testis': '0.03977', 'thymus': '0.04323', 'thyroid gland': '0.03977', 'uterus': '0.04323', 'vagina': '0.03977', 'vasculature': '0.03977'}	False	True	False	False	0.0	0.0	False	False	False
chr17	45821398	45821399	rs1308251615	0.13454	5	{'adipose tissue': '0.03977', 'adrenal gland': '0.04323', 'arterial blood vessel': '0.03977', 'blood': '0.04323', 'blood vessel': '0.03977', 'bone element': '0.04323', 'bone marrow': '0.04323', 'brain': '0.03102', 'breast': '0.03977', 'colon': '0.04323', 'connective tissue': '0.04323', 'ear': '0.03977', 'embryo': '0.04323', 'endocrine gland': '0.04323', 'epithelium': '0.04323', 'esophagus': '0.04323', 'exocrine gland': '0.04323', 'extraembryonic component': '0.04323', 'eye': '0.03977', 'gonad': '0.03977', 'heart': '0.04323', 'immune organ': '0.04323', 'intestine': '0.04323', 'kidney': '0.03977', 'large intestine': '0.04323', 'limb': '0.03977', 'liver': '0.04323', 'lung': '0.04323', 'lymph node': '0.03977', 'lymphoid tissue': '0.03977', 'mammary gland': '0.04323', 'mouth': '0.03977', 'musculature of body': '0.03696', 'nerve': '0.03977', 'ovary': '0.03977', 'pancreas': '0.03977', 'penis': '0.02649', 'placenta': '0.04323', 'prostate gland': '0.04323', 'skin of body': '0.02649', 'skin of prepuce of penis': '0.03555', 'small intestine': '0.04323', 'spinal cord': '0.03555', 'spleen': '0.04323', 'stomach': '0.04323', 'testis': '0.03977', 'thymus': '0.04323', 'thyroid gland': '0.03977', 'uterus': '0.04323', 'vagina': '0.03977', 'vasculature': '0.03977'}	False	True	False	False	0.0	0.0	False	False	False
chr17	45821399	45821400	rs41280114	0.13454	5	{'adipose tissue': '0.03977', 'adrenal gland': '0.04323', 'arterial blood vessel': '0.03977', 'blood': '0.04323', 'blood vessel': '0.03977', 'bone element': '0.04323', 'bone marrow': '0.04323', 'brain': '0.03102', 'breast': '0.03977', 'colon': '0.04323', 'connective tissue': '0.04323', 'ear': '0.03977', 'embryo': '0.04323', 'endocrine gland': '0.04323', 'epithelium': '0.04323', 'esophagus': '0.04323', 'exocrine gland': '0.04323', 'extraembryonic component': '0.04323', 'eye': '0.03977', 'gonad': '0.03977', 'heart': '0.04323', 'immune organ': '0.04323', 'intestine': '0.04323', 'kidney': '0.03977', 'large intestine': '0.04323', 'limb': '0.03977', 'liver': '0.04323', 'lung': '0.04323', 'lymph node': '0.03977', 'lymphoid tissue': '0.03977', 'mammary gland': '0.04323', 'mouth': '0.03977', 'musculature of body': '0.03696', 'nerve': '0.03977', 'ovary': '0.03977', 'pancreas': '0.03977', 'penis': '0.02649', 'placenta': '0.04323', 'prostate gland': '0.04323', 'skin of body': '0.02649', 'skin of prepuce of penis': '0.03555', 'small intestine': '0.04323', 'spinal cord': '0.03555', 'spleen': '0.04323', 'stomach': '0.04323', 'testis': '0.03977', 'thymus': '0.04323', 'thyroid gland': '0.03977', 'uterus': '0.04323', 'vagina': '0.03977', 'vasculature': '0.03977'}	False	True	False	False	0.0	0.0	False	False	False
chr17	45829241	45829242	rs370853377	0.60906	4	{'adipose tissue': '0.19569', 'adrenal gland': '0.19569', 'arterial blood vessel': '0.19569', 'blood': '0.19569', 'blood vessel': '0.19569', 'bone element': '0.16731', 'bone marrow': '0.16731', 'brain': '0.14045', 'breast': '0.18004', 'colon': '0.18004', 'connective tissue': '0.16731', 'ear': '0.18004', 'embryo': '0.19569', 'endocrine gland': '0.19569', 'epithelium': '0.16731', 'esophagus': '0.19569', 'exocrine gland': '0.16731', 'extraembryonic component': '0.16731', 'eye': '0.18004', 'gonad': '0.18004', 'heart': '0.19569', 'immune organ': '0.19569', 'intestine': '0.19569', 'kidney': '0.19569', 'large intestine': '0.18004', 'limb': '0.19569', 'liver': '0.19569', 'lung': '0.19569', 'lymph node': '0.18004', 'lymphoid tissue': '0.18004', 'mammary gland': '0.16731', 'mouth': '0.18004', 'musculature of body': '0.16731', 'nerve': '0.19569', 'ovary': '0.18004', 'pancreas': '0.18004', 'penis': '0.19569', 'placenta': '0.16731', 'prostate gland': '0.18004', 'skin of body': '0.19569', 'skin of prepuce of penis': '0.18004', 'small intestine': '0.19569', 'spinal cord': '0.18004', 'spleen': '0.19569', 'stomach': '0.19569', 'testis': '0.18004', 'thymus': '0.18004', 'thyroid gland': '0.18004', 'uterus': '0.19569', 'vagina': '0.18004', 'vasculature': '0.19569'}	True	True	False	False	0.0	0.0	False	False	False
chr17	45829260	45829261	rs1026627311	0.60906	4	{'adipose tissue': '0.19569', 'adrenal gland': '0.19569', 'arterial blood vessel': '0.19569', 'blood': '0.19569', 'blood vessel': '0.19569', 'bone element': '0.16731', 'bone marrow': '0.16731', 'brain': '0.14045', 'breast': '0.18004', 'colon': '0.18004', 'connective tissue': '0.16731', 'ear': '0.18004', 'embryo': '0.19569', 'endocrine gland': '0.19569', 'epithelium': '0.19569', 'esophagus': '0.19569', 'exocrine gland': '0.19569', 'extraembryonic component': '0.16731', 'eye': '0.18004', 'gonad': '0.18004', 'heart': '0.19569', 'immune organ': '0.19569', 'intestine': '0.19569', 'kidney': '0.19569', 'large intestine': '0.18004', 'limb': '0.19569', 'liver': '0.19569', 'lung': '0.19569', 'lymph node': '0.18004', 'lymphoid tissue': '0.18004', 'mammary gland': '0.19569', 'mouth': '0.18004', 'musculature of body': '0.16731', 'nerve': '0.19569', 'ovary': '0.18004', 'pancreas': '0.18004', 'penis': '0.19569', 'placenta': '0.16731', 'prostate gland': '0.18004', 'skin of body': '0.19569', 'skin of prepuce of penis': '0.18004', 'small intestine': '0.19569', 'spinal cord': '0.18004', 'spleen': '0.19569', 'stomach': '0.19569', 'testis': '0.18004', 'thymus': '0.18004', 'thyroid gland': '0.18004', 'uterus': '0.19569', 'vagina': '0.18004', 'vasculature': '0.19569'}	True	True	False	False	0.0	0.0	False	False	False
chr17	45829275	45829276	rs758724600	0.60906	4	{'adipose tissue': '0.19569', 'adrenal gland': '0.19569', 'arterial blood vessel': '0.19569', 'blood': '0.19569', 'blood vessel': '0.19569', 'bone element': '0.16731', 'bone marrow': '0.16731', 'brain': '0.14045', 'breast': '0.18004', 'colon': '0.18004', 'connective tissue': '0.16731', 'ear': '0.18004', 'embryo': '0.19569', 'endocrine gland': '0.19569', 'epithelium': '0.19569', 'esophagus': '0.19569', 'exocrine gland': '0.19569', 'extraembryonic component': '0.16731', 'eye': '0.18004', 'gonad': '0.18004', 'heart': '0.19569', 'immune organ': '0.19569', 'intestine': '0.19569', 'kidney': '0.18004', 'large intestine': '0.18004', 'limb': '0.19569', 'liver': '0.19569', 'lung': '0.19569', 'lymph node': '0.18004', 'lymphoid tissue': '0.18004', 'mammary gland': '0.18004', 'mouth': '0.18004', 'musculature of body': '0.16731', 'nerve': '0.19569', 'ovary': '0.18004', 'pancreas': '0.18004', 'penis': '0.19569', 'placenta': '0.16731', 'prostate gland': '0.18004', 'skin of body': '0.19569', 'skin of prepuce of penis': '0.18004', 'small intestine': '0.19569', 'spinal cord': '0.18004', 'spleen': '0.19569', 'stomach': '0.19569', 'testis': '0.18004', 'thymus': '0.18004', 'thyroid gland': '0.18004', 'uterus': '0.19569', 'vagina': '0.18004', 'vasculature': '0.19569'}	True	True	False	False	0.0	0.0	False	False	False
chr17	45830110	45830111	rs951637702	0.60906	4	{'adipose tissue': '0.19569', 'adrenal gland': '0.19569', 'arterial blood vessel': '0.19569', 'blood': '0.19569', 'blood vessel': '0.19569', 'bone element': '0.19569', 'bone marrow': '0.18004', 'brain': '0.28364', 'breast': '0.18004', 'colon': '0.18004', 'connective tissue': '0.19569', 'ear': '0.18004', 'embryo': '0.19569', 'endocrine gland': '0.19569', 'epithelium': '0.19569', 'esophagus': '0.19569', 'exocrine gland': '0.19569', 'extraembryonic component': '0.19569', 'eye': '0.18004', 'gonad': '0.18004', 'heart': '0.19569', 'immune organ': '0.19569', 'intestine': '0.19569', 'kidney': '0.18004', 'large intestine': '0.18004', 'limb': '0.19569', 'liver': '0.19569', 'lung': '0.19569', 'lymph node': '0.18004', 'lymphoid tissue': '0.18004', 'mammary gland': '0.19569', 'mouth': '0.18004', 'musculature of body': '0.19569', 'nerve': '0.19569', 'ovary': '0.18004', 'pancreas': '0.18004', 'penis': '0.19569', 'placenta': '0.19569', 'prostate gland': '0.18004', 'skin of body': '0.19569', 'skin of prepuce of penis': '0.18004', 'small intestine': '0.19569', 'spinal cord': '0.16091', 'spleen': '0.19569', 'stomach': '0.153', 'testis': '0.18004', 'thymus': '0.18004', 'thyroid gland': '0.18004', 'uterus': '0.19569', 'vagina': '0.18004', 'vasculature': '0.19569'}	True	True	False	False	0.0	0.0	False	False	False
chr17	45830151	45830152	rs544440822	0.60906	4	{'adipose tissue': '0.18004', 'adrenal gland': '0.19569', 'arterial blood vessel': '0.19569', 'blood': '0.19569', 'blood vessel': '0.19569', 'bone element': '0.19569', 'bone marrow': '0.18004', 'brain': '0.28364', 'breast': '0.18004', 'colon': '0.18004', 'connective tissue': '0.19569', 'ear': '0.18004', 'embryo': '0.19569', 'endocrine gland': '0.19569', 'epithelium': '0.19569', 'esophagus': '0.19569', 'exocrine gland': '0.19569', 'extraembryonic component': '0.19569', 'eye': '0.18004', 'gonad': '0.18004', 'heart': '0.19569', 'immune organ': '0.19569', 'intestine': '0.19569', 'kidney': '0.18004', 'large intestine': '0.18004', 'limb': '0.19569', 'liver': '0.19569', 'lung': '0.19569', 'lymph node': '0.18004', 'lymphoid tissue': '0.18004', 'mammary gland': '0.19569', 'mouth': '0.18004', 'musculature of body': '0.19569', 'nerve': '0.18004', 'ovary': '0.18004', 'pancreas': '0.18004', 'penis': '0.19569', 'placenta': '0.19569', 'prostate gland': '0.18004', 'skin of body': '0.19569', 'skin of prepuce of penis': '0.18004', 'small intestine': '0.19569', 'spinal cord': '0.16091', 'spleen': '0.19569', 'stomach': '0.153', 'testis': '0.18004', 'thymus': '0.18004', 'thyroid gland': '0.18004', 'uterus': '0.19569', 'vagina': '0.18004', 'vasculature': '0.19569'}	True	True	False	False	0.0	0.0	False	False	False
chr17	45830152	45830153	rs142237811	0.60906	4	{'adipose tissue': '0.18004', 'adrenal gland': '0.19569', 'arterial blood vessel': '0.19569', 'blood': '0.19569', 'blood vessel': '0.19569', 'bone element': '0.19569', 'bone marrow': '0.18004', 'brain': '0.28364', 'breast': '0.18004', 'colon': '0.18004', 'connective tissue': '0.19569', 'ear': '0.18004', 'embryo': '0.19569', 'endocrine gland': '0.19569', 'epithelium': '0.19569', 'esophagus': '0.19569', 'exocrine gland': '0.19569', 'extraembryonic component': '0.19569', 'eye': '0.18004', 'gonad': '0.18004', 'heart': '0.19569', 'immune organ': '0.19569', 'intestine': '0.19569', 'kidney': '0.18004', 'large intestine': '0.18004', 'limb': '0.19569', 'liver': '0.19569', 'lung': '0.19569', 'lymph node': '0.18004', 'lymphoid tissue': '0.18004', 'mammary gland': '0.19569', 'mouth': '0.18004', 'musculature of body': '0.19569', 'nerve': '0.18004', 'ovary': '0.18004', 'pancreas': '0.18004', 'penis': '0.19569', 'placenta': '0.19569', 'prostate gland': '0.18004', 'skin of body': '0.19569', 'skin of prepuce of penis': '0.18004', 'small intestine': '0.19569', 'spinal cord': '0.16091', 'spleen': '0.19569', 'stomach': '0.153', 'testis': '0.18004', 'thymus': '0.18004', 'thyroid gland': '0.18004', 'uterus': '0.19569', 'vagina': '0.18004', 'vasculature': '0.19569'}	True	True	False	False	0.0	0.0	False	False	False
chr17	45830423	45830424	rs1446502128	0.13454	5	{'adipose tissue': '0.04323', 'adrenal gland': '0.04323', 'arterial blood vessel': '0.04323', 'blood': '0.04323', 'blood vessel': '0.04323', 'bone element': '0.04323', 'bone marrow': '0.03977', 'brain': '0.03646', 'breast': '0.03977', 'colon': '0.03977', 'connective tissue': '0.04323', 'ear': '0.03977', 'embryo': '0.04323', 'endocrine gland': '0.04323', 'epithelium': '0.04323', 'esophagus': '0.04323', 'exocrine gland': '0.04323', 'extraembryonic component': '0.04323', 'eye': '0.03977', 'gonad': '0.03977', 'heart': '0.04323', 'immune organ': '0.04323', 'intestine': '0.04323', 'kidney': '0.04323', 'large intestine': '0.03977', 'limb': '0.04323', 'liver': '0.04323', 'lung': '0.04323', 'lymph node': '0.03977', 'lymphoid tissue': '0.03977', 'mammary gland': '0.04323', 'mouth': '0.03977', 'musculature of body': '0.04323', 'nerve': '0.03977', 'ovary': '0.03977', 'pancreas': '0.03977', 'penis': '0.04323', 'placenta': '0.04323', 'prostate gland': '0.03977', 'skin of body': '0.04323', 'skin of prepuce of penis': '0.03977', 'small intestine': '0.04323', 'spinal cord': '0.03555', 'spleen': '0.04323', 'stomach': '0.04323', 'testis': '0.03977', 'thymus': '0.03977', 'thyroid gland': '0.03977', 'uterus': '0.03977', 'vagina': '0.03977', 'vasculature': '0.04323'}	False	True	False	False	0.0	0.0	False	False	False
chr17	45830438	45830439	rs1555656954	0.13454	5	{'adipose tissue': '0.04323', 'adrenal gland': '0.04323', 'arterial blood vessel': '0.04323', 'blood': '0.04323', 'blood vessel': '0.04323', 'bone element': '0.04323', 'bone marrow': '0.03977', 'brain': '0.03646', 'breast': '0.03977', 'colon': '0.03977', 'connective tissue': '0.04323', 'ear': '0.03977', 'embryo': '0.04323', 'endocrine gland': '0.04323', 'epithelium': '0.04323', 'esophagus': '0.04323', 'exocrine gland': '0.04323', 'extraembryonic component': '0.04323', 'eye': '0.03977', 'gonad': '0.03977', 'heart': '0.04323', 'immune organ': '0.04323', 'intestine': '0.04323', 'kidney': '0.04323', 'large intestine': '0.03977', 'limb': '0.04323', 'liver': '0.04323', 'lung': '0.04323', 'lymph node': '0.03977', 'lymphoid tissue': '0.03977', 'mammary gland': '0.04323', 'mouth': '0.03977', 'musculature of body': '0.04323', 'nerve': '0.03977', 'ovary': '0.03977', 'pancreas': '0.03977', 'penis': '0.04323', 'placenta': '0.04323', 'prostate gland': '0.03977', 'skin of body': '0.04323', 'skin of prepuce of penis': '0.03977', 'small intestine': '0.04323', 'spinal cord': '0.03555', 'spleen': '0.04323', 'stomach': '0.04323', 'testis': '0.03977', 'thymus': '0.03977', 'thyroid gland': '0.03977', 'uterus': '0.03977', 'vagina': '0.03977', 'vasculature': '0.04323'}	False	True	False	False	0.0	0.0	False	False	False
chr17	45830447	45830448	rs1425946329	0.13454	5	{'adipose tissue': '0.04323', 'adrenal gland': '0.04323', 'arterial blood vessel': '0.04323', 'blood': '0.04323', 'blood vessel': '0.04323', 'bone element': '0.04323', 'bone marrow': '0.03977', 'brain': '0.03646', 'breast': '0.03977', 'colon': '0.03977', 'connective tissue': '0.04323', 'ear': '0.03977', 'embryo': '0.04323', 'endocrine gland': '0.04323', 'epithelium': '0.04323', 'esophagus': '0.04323', 'exocrine gland': '0.04323', 'extraembryonic component': '0.04323', 'eye': '0.03977', 'gonad': '0.03977', 'heart': '0.04323', 'immune organ': '0.04323', 'intestine': '0.04323', 'kidney': '0.04323', 'large intestine': '0.03977', 'limb': '0.04323', 'liver': '0.04323', 'lung': '0.04323', 'lymph node': '0.03977', 'lymphoid tissue': '0.03977', 'mammary gland': '0.04323', 'mouth': '0.03977', 'musculature of body': '0.04323', 'nerve': '0.03977', 'ovary': '0.03977', 'pancreas': '0.03977', 'penis': '0.04323', 'placenta': '0.04323', 'prostate gland': '0.03977', 'skin of body': '0.04323', 'skin of prepuce of penis': '0.03977', 'small intestine': '0.04323', 'spinal cord': '0.03555', 'spleen': '0.04323', 'stomach': '0.04323', 'testis': '0.03977', 'thymus': '0.03977', 'thyroid gland': '0.03977', 'uterus': '0.03977', 'vagina': '0.03977', 'vasculature': '0.04323'}	False	True	False	False	0.0	0.0	False	False	False
chr17	45830465	45830466	rs1568070240	0.23589	5	{'adipose tissue': '0.07579', 'adrenal gland': '0.07579', 'arterial blood vessel': '0.07579', 'blood': '0.06227', 'blood vessel': '0.07579', 'bone element': '0.07579', 'bone marrow': '0.06973', 'brain': '0.06393', 'breast': '0.06973', 'colon': '0.06973', 'connective tissue': '0.07579', 'ear': '0.06973', 'embryo': '0.07579', 'endocrine gland': '0.07579', 'epithelium': '0.07579', 'esophagus': '0.07579', 'exocrine gland': '0.07579', 'extraembryonic component': '0.07579', 'eye': '0.06973', 'gonad': '0.06973', 'heart': '0.06227', 'immune organ': '0.07579', 'intestine': '0.07579', 'kidney': '0.07579', 'large intestine': '0.06973', 'limb': '0.07579', 'liver': '0.07579', 'lung': '0.06227', 'lymph node': '0.06973', 'lymphoid tissue': '0.06973', 'mammary gland': '0.07579', 'mouth': '0.06973', 'musculature of body': '0.07579', 'nerve': '0.06973', 'ovary': '0.06973', 'pancreas': '0.12162', 'penis': '0.07579', 'placenta': '0.07579', 'prostate gland': '0.06973', 'skin of body': '0.07579', 'skin of prepuce of penis': '0.06973', 'small intestine': '0.07579', 'spinal cord': '0.06232', 'spleen': '0.07579', 'stomach': '0.07579', 'testis': '0.06973', 'thymus': '0.06973', 'thyroid gland': '0.06973', 'uterus': '0.06973', 'vagina': '0.06973', 'vasculature': '0.07579'}	False	True	True	False	0.0	0.0	False	False	False
chr17	45830467	45830468	rs1186104167	0.23589	5	{'adipose tissue': '0.07579', 'adrenal gland': '0.07579', 'arterial blood vessel': '0.07579', 'blood': '0.06227', 'blood vessel': '0.07579', 'bone element': '0.07579', 'bone marrow': '0.06973', 'brain': '0.06393', 'breast': '0.06973', 'colon': '0.06973', 'connective tissue': '0.07579', 'ear': '0.06973', 'embryo': '0.07579', 'endocrine gland': '0.07579', 'epithelium': '0.07579', 'esophagus': '0.07579', 'exocrine gland': '0.07579', 'extraembryonic component': '0.07579', 'eye': '0.06973', 'gonad': '0.06973', 'heart': '0.06227', 'immune organ': '0.07579', 'intestine': '0.07579', 'kidney': '0.07579', 'large intestine': '0.06973', 'limb': '0.07579', 'liver': '0.07579', 'lung': '0.06227', 'lymph node': '0.06973', 'lymphoid tissue': '0.06973', 'mammary gland': '0.07579', 'mouth': '0.06973', 'musculature of body': '0.07579', 'nerve': '0.06973', 'ovary': '0.06973', 'pancreas': '0.12162', 'penis': '0.07579', 'placenta': '0.07579', 'prostate gland': '0.06973', 'skin of body': '0.07579', 'skin of prepuce of penis': '0.06973', 'small intestine': '0.07579', 'spinal cord': '0.06232', 'spleen': '0.07579', 'stomach': '0.07579', 'testis': '0.06973', 'thymus': '0.06973', 'thyroid gland': '0.06973', 'uterus': '0.06973', 'vagina': '0.06973', 'vasculature': '0.07579'}	False	True	True	False	0.0	0.0	False	False	False
chr17	45830473	45830474	rs748697265	0.23589	5	{'adipose tissue': '0.07579', 'adrenal gland': '0.07579', 'arterial blood vessel': '0.07579', 'blood': '0.06227', 'blood vessel': '0.07579', 'bone element': '0.07579', 'bone marrow': '0.06973', 'brain': '0.06393', 'breast': '0.06973', 'colon': '0.06973', 'connective tissue': '0.07579', 'ear': '0.06973', 'embryo': '0.07579', 'endocrine gland': '0.07579', 'epithelium': '0.07579', 'esophagus': '0.07579', 'exocrine gland': '0.07579', 'extraembryonic component': '0.07579', 'eye': '0.06973', 'gonad': '0.06973', 'heart': '0.06227', 'immune organ': '0.07579', 'intestine': '0.07579', 'kidney': '0.07579', 'large intestine': '0.06973', 'limb': '0.07579', 'liver': '0.07579', 'lung': '0.06227', 'lymph node': '0.06973', 'lymphoid tissue': '0.06973', 'mammary gland': '0.07579', 'mouth': '0.06973', 'musculature of body': '0.07579', 'nerve': '0.06973', 'ovary': '0.06973', 'pancreas': '0.12162', 'penis': '0.07579', 'placenta': '0.07579', 'prostate gland': '0.06973', 'skin of body': '0.07579', 'skin of prepuce of penis': '0.06973', 'small intestine': '0.07579', 'spinal cord': '0.06232', 'spleen': '0.07579', 'stomach': '0.07579', 'testis': '0.06973', 'thymus': '0.06973', 'thyroid gland': '0.06973', 'uterus': '0.06973', 'vagina': '0.06973', 'vasculature': '0.07579'}	False	True	True	False	0.0	0.0	False	False	False
chr17	45830485	45830486	rs868162436	0.13454	5	{'adipose tissue': '0.04323', 'adrenal gland': '0.04323', 'arterial blood vessel': '0.04323', 'blood': '0.04323', 'blood vessel': '0.04323', 'bone element': '0.04323', 'bone marrow': '0.03977', 'brain': '0.03646', 'breast': '0.03977', 'colon': '0.03977', 'connective tissue': '0.04323', 'ear': '0.03977', 'embryo': '0.04323', 'endocrine gland': '0.04323', 'epithelium': '0.04323', 'esophagus': '0.04323', 'exocrine gland': '0.04323', 'extraembryonic component': '0.04323', 'eye': '0.03977', 'gonad': '0.03977', 'heart': '0.04323', 'immune organ': '0.04323', 'intestine': '0.04323', 'kidney': '0.04323', 'large intestine': '0.03977', 'limb': '0.04323', 'liver': '0.04323', 'lung': '0.04323', 'lymph node': '0.03977', 'lymphoid tissue': '0.03977', 'mammary gland': '0.04323', 'mouth': '0.03977', 'musculature of body': '0.04323', 'nerve': '0.03977', 'ovary': '0.03977', 'pancreas': '0.03977', 'penis': '0.04323', 'placenta': '0.04323', 'prostate gland': '0.03977', 'skin of body': '0.04323', 'skin of prepuce of penis': '0.03977', 'small intestine': '0.04323', 'spinal cord': '0.03555', 'spleen': '0.04323', 'stomach': '0.04323', 'testis': '0.03977', 'thymus': '0.03977', 'thyroid gland': '0.03977', 'uterus': '0.03977', 'vagina': '0.03977', 'vasculature': '0.04323'}	False	True	False	False	0.0	0.0	False	False	False
chr17	45830504	45830505	rs776892398	0.13454	5	{'adipose tissue': '0.04323', 'adrenal gland': '0.04323', 'arterial blood vessel': '0.04323', 'blood': '0.04323', 'blood vessel': '0.04323', 'bone element': '0.04323', 'bone marrow': '0.03977', 'brain': '0.03646', 'breast': '0.03977', 'colon': '0.03977', 'connective tissue': '0.04323', 'ear': '0.03977', 'embryo': '0.04323', 'endocrine gland': '0.04323', 'epithelium': '0.04323', 'esophagus': '0.04323', 'exocrine gland': '0.04323', 'extraembryonic component': '0.04323', 'eye': '0.03977', 'gonad': '0.03977', 'heart': '0.04323', 'immune organ': '0.04323', 'intestine': '0.04323', 'kidney': '0.04323', 'large intestine': '0.03977', 'limb': '0.04323', 'liver': '0.04323', 'lung': '0.04323', 'lymph node': '0.03977', 'lymphoid tissue': '0.03977', 'mammary gland': '0.04323', 'mouth': '0.03977', 'musculature of body': '0.04323', 'nerve': '0.03977', 'ovary': '0.03977', 'pancreas': '0.03977', 'penis': '0.04323', 'placenta': '0.04323', 'prostate gland': '0.03977', 'skin of body': '0.04323', 'skin of prepuce of penis': '0.03977', 'small intestine': '0.04323', 'spinal cord': '0.03555', 'spleen': '0.04323', 'stomach': '0.04323', 'testis': '0.03977', 'thymus': '0.03977', 'thyroid gland': '0.03977', 'uterus': '0.03977', 'vagina': '0.03977', 'vasculature': '0.04323'}	False	True	False	False	0.0	0.0	False	False	False
chr17	45830506	45830507	rs535553518	0.13454	5	{'adipose tissue': '0.04323', 'adrenal gland': '0.04323', 'arterial blood vessel': '0.04323', 'blood': '0.04323', 'blood vessel': '0.04323', 'bone element': '0.04323', 'bone marrow': '0.03977', 'brain': '0.03646', 'breast': '0.03977', 'colon': '0.03977', 'connective tissue': '0.04323', 'ear': '0.03977', 'embryo': '0.04323', 'endocrine gland': '0.04323', 'epithelium': '0.04323', 'esophagus': '0.04323', 'exocrine gland': '0.04323', 'extraembryonic component': '0.04323', 'eye': '0.03977', 'gonad': '0.03977', 'heart': '0.04323', 'immune organ': '0.04323', 'intestine': '0.04323', 'kidney': '0.04323', 'large intestine': '0.03977', 'limb': '0.04323', 'liver': '0.04323', 'lung': '0.04323', 'lymph node': '0.03977', 'lymphoid tissue': '0.03977', 'mammary gland': '0.04323', 'mouth': '0.03977', 'musculature of body': '0.04323', 'nerve': '0.03977', 'ovary': '0.03977', 'pancreas': '0.03977', 'penis': '0.04323', 'placenta': '0.04323', 'prostate gland': '0.03977', 'skin of body': '0.04323', 'skin of prepuce of penis': '0.03977', 'small intestine': '0.04323', 'spinal cord': '0.03555', 'spleen': '0.04323', 'stomach': '0.04323', 'testis': '0.03977', 'thymus': '0.03977', 'thyroid gland': '0.03977', 'uterus': '0.03977', 'vagina': '0.03977', 'vasculature': '0.04323'}	False	True	False	False	0.0	0.0	False	False	False
chr17	45830512	45830513	rs775232888	0.13454	5	{'adipose tissue': '0.04323', 'adrenal gland': '0.04323', 'arterial blood vessel': '0.04323', 'blood': '0.04323', 'blood vessel': '0.04323', 'bone element': '0.04323', 'bone marrow': '0.03977', 'brain': '0.03646', 'breast': '0.03977', 'colon': '0.03977', 'connective tissue': '0.04323', 'ear': '0.03977', 'embryo': '0.04323', 'endocrine gland': '0.04323', 'epithelium': '0.04323', 'esophagus': '0.04323', 'exocrine gland': '0.04323', 'extraembryonic component': '0.04323', 'eye': '0.03977', 'gonad': '0.03977', 'heart': '0.04323', 'immune organ': '0.04323', 'intestine': '0.04323', 'kidney': '0.04323', 'large intestine': '0.03977', 'limb': '0.04323', 'liver': '0.04323', 'lung': '0.04323', 'lymph node': '0.03977', 'lymphoid tissue': '0.03977', 'mammary gland': '0.04323', 'mouth': '0.03977', 'musculature of body': '0.04323', 'nerve': '0.03977', 'ovary': '0.03977', 'pancreas': '0.03977', 'penis': '0.04323', 'placenta': '0.04323', 'prostate gland': '0.03977', 'skin of body': '0.04323', 'skin of prepuce of penis': '0.03977', 'small intestine': '0.04323', 'spinal cord': '0.03555', 'spleen': '0.04323', 'stomach': '0.04323', 'testis': '0.03977', 'thymus': '0.03977', 'thyroid gland': '0.03977', 'uterus': '0.03977', 'vagina': '0.03977', 'vasculature': '0.04323'}	False	True	False	False	0.0	0.0	False	False	False
chr17	45830539	45830540	rs370336999	0.13454	5	{'adipose tissue': '0.04323', 'adrenal gland': '0.04323', 'arterial blood vessel': '0.04323', 'blood': '0.04323', 'blood vessel': '0.04323', 'bone element': '0.04323', 'bone marrow': '0.03977', 'brain': '0.03646', 'breast': '0.03977', 'colon': '0.03977', 'connective tissue': '0.04323', 'ear': '0.03977', 'embryo': '0.04323', 'endocrine gland': '0.04323', 'epithelium': '0.04323', 'esophagus': '0.04323', 'exocrine gland': '0.04323', 'extraembryonic component': '0.04323', 'eye': '0.03977', 'gonad': '0.03977', 'heart': '0.04323', 'immune organ': '0.04323', 'intestine': '0.04323', 'kidney': '0.04323', 'large intestine': '0.03977', 'limb': '0.04323', 'liver': '0.04323', 'lung': '0.04323', 'lymph node': '0.03977', 'lymphoid tissue': '0.03977', 'mammary gland': '0.04323', 'mouth': '0.03977', 'musculature of body': '0.04323', 'nerve': '0.03977', 'ovary': '0.03977', 'pancreas': '0.03977', 'penis': '0.04323', 'placenta': '0.04323', 'prostate gland': '0.03977', 'skin of body': '0.04323', 'skin of prepuce of penis': '0.03977', 'small intestine': '0.04323', 'spinal cord': '0.03555', 'spleen': '0.04323', 'stomach': '0.04323', 'testis': '0.03977', 'thymus': '0.03977', 'thyroid gland': '0.03977', 'uterus': '0.03977', 'vagina': '0.03977', 'vasculature': '0.04323'}	False	True	False	False	0.0	0.0	False	False	False
chr17	45830555	45830556	rs778189231	0.13454	5	{'adipose tissue': '0.04323', 'adrenal gland': '0.04323', 'arterial blood vessel': '0.04323', 'blood': '0.04323', 'blood vessel': '0.04323', 'bone element': '0.04323', 'bone marrow': '0.03977', 'brain': '0.03646', 'breast': '0.03977', 'colon': '0.03977', 'connective tissue': '0.04323', 'ear': '0.03977', 'embryo': '0.04323', 'endocrine gland': '0.04323', 'epithelium': '0.04323', 'esophagus': '0.04323', 'exocrine gland': '0.04323', 'extraembryonic component': '0.04323', 'eye': '0.03977', 'gonad': '0.03977', 'heart': '0.04323', 'immune organ': '0.04323', 'intestine': '0.04323', 'kidney': '0.04323', 'large intestine': '0.03977', 'limb': '0.04323', 'liver': '0.04323', 'lung': '0.04323', 'lymph node': '0.03977', 'lymphoid tissue': '0.03977', 'mammary gland': '0.04323', 'mouth': '0.03977', 'musculature of body': '0.04323', 'nerve': '0.03977', 'ovary': '0.03977', 'pancreas': '0.03977', 'penis': '0.04323', 'placenta': '0.04323', 'prostate gland': '0.03977', 'skin of body': '0.04323', 'skin of prepuce of penis': '0.03977', 'small intestine': '0.04323', 'spinal cord': '0.03555', 'spleen': '0.04323', 'stomach': '0.04323', 'testis': '0.03977', 'thymus': '0.03977', 'thyroid gland': '0.03977', 'uterus': '0.03977', 'vagina': '0.03977', 'vasculature': '0.04323'}	False	True	False	False	0.0	0.0	False	False	False
chr17	45830929	45830930	rs780319071	0.0	5	{'adipose tissue': '0.0', 'adrenal gland': '0.0', 'arterial blood vessel': '0.0', 'blood': '0.0', 'blood vessel': '0.0', 'bone element': '0.0', 'bone marrow': '0.0', 'brain': '0.0', 'breast': '0.0', 'colon': '0.0', 'connective tissue': '0.0', 'ear': '0.0', 'embryo': '0.0', 'endocrine gland': '0.0', 'epithelium': '0.0', 'esophagus': '0.0', 'exocrine gland': '0.0', 'extraembryonic component': '0.0', 'eye': '0.0', 'gonad': '0.0', 'heart': '0.0', 'immune organ': '0.0', 'intestine': '0.0', 'kidney': '0.0', 'large intestine': '0.0', 'limb': '0.0', 'liver': '0.0', 'lung': '0.0', 'lymph node': '0.0', 'lymphoid tissue': '0.0', 'mammary gland': '0.0', 'mouth': '0.0', 'musculature of body': '0.0', 'nerve': '0.0', 'ovary': '0.0', 'pancreas': '0.0', 'penis': '0.0', 'placenta': '0.0', 'prostate gland': '0.0', 'skin of body': '0.0', 'skin of prepuce of penis': '0.0', 'small intestine': '0.0', 'spinal cord': '0.0', 'spleen': '0.0', 'stomach': '0.0', 'testis': '0.0', 'thymus': '0.0', 'thyroid gland': '0.0', 'uterus': '0.0', 'vagina': '0.0', 'vasculature': '0.0'}	False	True	False	False	0.0	0.550000011920929	True	False	False
chr17	45830939	45830940	rs1238805391	0.60906	4	{'adipose tissue': '0.19569', 'adrenal gland': '0.19569', 'arterial blood vessel': '0.19569', 'blood': '0.19569', 'blood vessel': '0.19569', 'bone element': '0.19569', 'bone marrow': '0.18004', 'brain': '0.30709', 'breast': '0.18004', 'colon': '0.18004', 'connective tissue': '0.19569', 'ear': '0.18004', 'embryo': '0.19569', 'endocrine gland': '0.19569', 'epithelium': '0.19569', 'esophagus': '0.19569', 'exocrine gland': '0.19569', 'extraembryonic component': '0.19569', 'eye': '0.18004', 'gonad': '0.18004', 'heart': '0.19569', 'immune organ': '0.19569', 'intestine': '0.19569', 'kidney': '0.19569', 'large intestine': '0.19569', 'limb': '0.19569', 'liver': '0.19569', 'lung': '0.19569', 'lymph node': '0.18004', 'lymphoid tissue': '0.18004', 'mammary gland': '0.19569', 'mouth': '0.19569', 'musculature of body': '0.19569', 'nerve': '0.18004', 'ovary': '0.18004', 'pancreas': '0.18004', 'penis': '0.19569', 'placenta': '0.19569', 'prostate gland': '0.18004', 'skin of body': '0.19569', 'skin of prepuce of penis': '0.18004', 'small intestine': '0.19569', 'spinal cord': '0.18004', 'spleen': '0.19569', 'stomach': '0.19569', 'testis': '0.18004', 'thymus': '0.18004', 'thyroid gland': '0.18004', 'uterus': '0.18004', 'vagina': '0.18004', 'vasculature': '0.19569'}	True	True	False	False	0.0	0.0	False	False	False
chr17	45833160	45833161	rs754047393	0.0	5	{'adipose tissue': '0.0', 'adrenal gland': '0.0', 'arterial blood vessel': '0.0', 'blood': '0.0', 'blood vessel': '0.0', 'bone element': '0.0', 'bone marrow': '0.0', 'brain': '0.0', 'breast': '0.0', 'colon': '0.0', 'connective tissue': '0.0', 'ear': '0.0', 'embryo': '0.0', 'endocrine gland': '0.0', 'epithelium': '0.0', 'esophagus': '0.0', 'exocrine gland': '0.0', 'extraembryonic component': '0.0', 'eye': '0.0', 'gonad': '0.0', 'heart': '0.0', 'immune organ': '0.0', 'intestine': '0.0', 'kidney': '0.0', 'large intestine': '0.0', 'limb': '0.0', 'liver': '0.0', 'lung': '0.0', 'lymph node': '0.0', 'lymphoid tissue': '0.0', 'mammary gland': '0.0', 'mouth': '0.0', 'musculature of body': '0.0', 'nerve': '0.0', 'ovary': '0.0', 'pancreas': '0.0', 'penis': '0.0', 'placenta': '0.0', 'prostate gland': '0.0', 'skin of body': '0.0', 'skin of prepuce of penis': '0.0', 'small intestine': '0.0', 'spinal cord': '0.0', 'spleen': '0.0', 'stomach': '0.0', 'testis': '0.0', 'thymus': '0.0', 'thyroid gland': '0.0', 'uterus': '0.0', 'vagina': '0.0', 'vasculature': '0.0'}	False	True	True	False	0.0	0.5400000214576721	True	False	False
chr17	45833180	45833181	rs1435873454	0.0	5	{'adipose tissue': '0.0', 'adrenal gland': '0.0', 'arterial blood vessel': '0.0', 'blood': '0.0', 'blood vessel': '0.0', 'bone element': '0.0', 'bone marrow': '0.0', 'brain': '0.0', 'breast': '0.0', 'colon': '0.0', 'connective tissue': '0.0', 'ear': '0.0', 'embryo': '0.0', 'endocrine gland': '0.0', 'epithelium': '0.0', 'esophagus': '0.0', 'exocrine gland': '0.0', 'extraembryonic component': '0.0', 'eye': '0.0', 'gonad': '0.0', 'heart': '0.0', 'immune organ': '0.0', 'intestine': '0.0', 'kidney': '0.0', 'large intestine': '0.0', 'limb': '0.0', 'liver': '0.0', 'lung': '0.0', 'lymph node': '0.0', 'lymphoid tissue': '0.0', 'mammary gland': '0.0', 'mouth': '0.0', 'musculature of body': '0.0', 'nerve': '0.0', 'ovary': '0.0', 'pancreas': '0.0', 'penis': '0.0', 'placenta': '0.0', 'prostate gland': '0.0', 'skin of body': '0.0', 'skin of prepuce of penis': '0.0', 'small intestine': '0.0', 'spinal cord': '0.0', 'spleen': '0.0', 'stomach': '0.0', 'testis': '0.0', 'thymus': '0.0', 'thyroid gland': '0.0', 'uterus': '0.0', 'vagina': '0.0', 'vasculature': '0.0'}	False	True	True	False	0.0	1.6100000143051147	True	False	False
chr17	45833454	45833455	rs745635137	0.23589	5	{'adipose tissue': '0.06973', 'adrenal gland': '0.07579', 'arterial blood vessel': '0.07579', 'blood': '0.07579', 'blood vessel': '0.07579', 'bone element': '0.12162', 'bone marrow': '0.06973', 'brain': '0.11894', 'breast': '0.06973', 'colon': '0.07579', 'connective tissue': '0.07579', 'ear': '0.06973', 'embryo': '0.07579', 'endocrine gland': '0.07579', 'epithelium': '0.07579', 'esophagus': '0.07579', 'exocrine gland': '0.07579', 'extraembryonic component': '0.07579', 'eye': '0.06973', 'gonad': '0.06973', 'heart': '0.06227', 'immune organ': '0.06973', 'intestine': '0.07579', 'kidney': '0.07579', 'large intestine': '0.07579', 'limb': '0.06227', 'liver': '0.07579', 'lung': '0.06227', 'lymph node': '0.06973', 'lymphoid tissue': '0.06973', 'mammary gland': '0.06973', 'mouth': '0.06973', 'musculature of body': '0.07579', 'nerve': '0.07579', 'ovary': '0.06973', 'pancreas': '0.12162', 'penis': '0.04645', 'placenta': '0.07579', 'prostate gland': '0.06973', 'skin of body': '0.04645', 'skin of prepuce of penis': '0.06232', 'small intestine': '0.07579', 'spinal cord': '0.06973', 'spleen': '0.06973', 'stomach': '0.07579', 'testis': '0.06973', 'thymus': '0.06973', 'thyroid gland': '0.06973', 'uterus': '0.06973', 'vagina': '0.06973', 'vasculature': '0.07579'}	False	True	True	False	0.0	0.0	False	False	False
chr17	45833464	45833465	rs748953307	0.23589	5	{'adipose tissue': '0.06973', 'adrenal gland': '0.07579', 'arterial blood vessel': '0.07579', 'blood': '0.07579', 'blood vessel': '0.07579', 'bone element': '0.12162', 'bone marrow': '0.06973', 'brain': '0.11894', 'breast': '0.06973', 'colon': '0.07579', 'connective tissue': '0.07579', 'ear': '0.06973', 'embryo': '0.07579', 'endocrine gland': '0.07579', 'epithelium': '0.07579', 'esophagus': '0.07579', 'exocrine gland': '0.07579', 'extraembryonic component': '0.07579', 'eye': '0.06973', 'gonad': '0.06973', 'heart': '0.06227', 'immune organ': '0.06973', 'intestine': '0.07579', 'kidney': '0.07579', 'large intestine': '0.07579', 'limb': '0.06227', 'liver': '0.07579', 'lung': '0.06227', 'lymph node': '0.06973', 'lymphoid tissue': '0.06973', 'mammary gland': '0.06973', 'mouth': '0.06973', 'musculature of body': '0.07579', 'nerve': '0.07579', 'ovary': '0.06973', 'pancreas': '0.12162', 'penis': '0.04645', 'placenta': '0.07579', 'prostate gland': '0.06973', 'skin of body': '0.04645', 'skin of prepuce of penis': '0.06232', 'small intestine': '0.07579', 'spinal cord': '0.06973', 'spleen': '0.06973', 'stomach': '0.07579', 'testis': '0.06973', 'thymus': '0.06973', 'thyroid gland': '0.06973', 'uterus': '0.06973', 'vagina': '0.06973', 'vasculature': '0.07579'}	False	True	True	False	0.0	0.0	False	False	False
chr17	45833474	45833475	rs1246311714	0.23589	5	{'adipose tissue': '0.06973', 'adrenal gland': '0.07579', 'arterial blood vessel': '0.07579', 'blood': '0.07579', 'blood vessel': '0.07579', 'bone element': '0.06973', 'bone marrow': '0.06973', 'brain': '0.11894', 'breast': '0.06973', 'colon': '0.07579', 'connective tissue': '0.07579', 'ear': '0.06973', 'embryo': '0.07579', 'endocrine gland': '0.07579', 'epithelium': '0.07579', 'esophagus': '0.07579', 'exocrine gland': '0.07579', 'extraembryonic component': '0.07579', 'eye': '0.06973', 'gonad': '0.06973', 'heart': '0.07579', 'immune organ': '0.06973', 'intestine': '0.07579', 'kidney': '0.07579', 'large intestine': '0.07579', 'limb': '0.07579', 'liver': '0.07579', 'lung': '0.07579', 'lymph node': '0.06973', 'lymphoid tissue': '0.06973', 'mammary gland': '0.06973', 'mouth': '0.06973', 'musculature of body': '0.07579', 'nerve': '0.07579', 'ovary': '0.06973', 'pancreas': '0.12162', 'penis': '0.04645', 'placenta': '0.07579', 'prostate gland': '0.06973', 'skin of body': '0.04645', 'skin of prepuce of penis': '0.06232', 'small intestine': '0.07579', 'spinal cord': '0.06973', 'spleen': '0.06973', 'stomach': '0.07579', 'testis': '0.06973', 'thymus': '0.06973', 'thyroid gland': '0.06973', 'uterus': '0.06973', 'vagina': '0.06973', 'vasculature': '0.07579'}	False	True	True	False	0.0	0.0	False	False	False
chr17	45833478	45833479	rs564745730	0.13454	5	{'adipose tissue': '0.03977', 'adrenal gland': '0.04323', 'arterial blood vessel': '0.04323', 'blood': '0.04323', 'blood vessel': '0.04323', 'bone element': '0.03977', 'bone marrow': '0.03977', 'brain': '0.06784', 'breast': '0.03977', 'colon': '0.04323', 'connective tissue': '0.04323', 'ear': '0.03977', 'embryo': '0.04323', 'endocrine gland': '0.04323', 'epithelium': '0.04323', 'esophagus': '0.04323', 'exocrine gland': '0.04323', 'extraembryonic component': '0.04323', 'eye': '0.03977', 'gonad': '0.03977', 'heart': '0.04323', 'immune organ': '0.03977', 'intestine': '0.04323', 'kidney': '0.04323', 'large intestine': '0.04323', 'limb': '0.04323', 'liver': '0.04323', 'lung': '0.04323', 'lymph node': '0.03977', 'lymphoid tissue': '0.03977', 'mammary gland': '0.03977', 'mouth': '0.03977', 'musculature of body': '0.04323', 'nerve': '0.04323', 'ovary': '0.03977', 'pancreas': '0.03977', 'penis': '0.02649', 'placenta': '0.04323', 'prostate gland': '0.03977', 'skin of body': '0.02649', 'skin of prepuce of penis': '0.03555', 'small intestine': '0.04323', 'spinal cord': '0.03977', 'spleen': '0.03977', 'stomach': '0.04323', 'testis': '0.03977', 'thymus': '0.03977', 'thyroid gland': '0.03977', 'uterus': '0.03977', 'vagina': '0.03977', 'vasculature': '0.04323'}	False	True	False	False	0.0	0.0	False	False	False
chr17	45833481	45833482	rs771322963	0.13454	5	{'adipose tissue': '0.03977', 'adrenal gland': '0.04323', 'arterial blood vessel': '0.04323', 'blood': '0.04323', 'blood vessel': '0.04323', 'bone element': '0.03977', 'bone marrow': '0.03977', 'brain': '0.06784', 'breast': '0.03977', 'colon': '0.04323', 'connective tissue': '0.04323', 'ear': '0.03977', 'embryo': '0.04323', 'endocrine gland': '0.04323', 'epithelium': '0.04323', 'esophagus': '0.04323', 'exocrine gland': '0.04323', 'extraembryonic component': '0.04323', 'eye': '0.03977', 'gonad': '0.03977', 'heart': '0.04323', 'immune organ': '0.03977', 'intestine': '0.04323', 'kidney': '0.04323', 'large intestine': '0.04323', 'limb': '0.04323', 'liver': '0.04323', 'lung': '0.04323', 'lymph node': '0.03977', 'lymphoid tissue': '0.03977', 'mammary gland': '0.03977', 'mouth': '0.03977', 'musculature of body': '0.04323', 'nerve': '0.04323', 'ovary': '0.03977', 'pancreas': '0.03977', 'penis': '0.02649', 'placenta': '0.04323', 'prostate gland': '0.03977', 'skin of body': '0.02649', 'skin of prepuce of penis': '0.03555', 'small intestine': '0.04323', 'spinal cord': '0.03977', 'spleen': '0.03977', 'stomach': '0.04323', 'testis': '0.03977', 'thymus': '0.03977', 'thyroid gland': '0.03977', 'uterus': '0.03977', 'vagina': '0.03977', 'vasculature': '0.04323'}	False	True	False	False	0.0	0.0	False	False	False
chr17	45833482	45833483	rs369219844	0.13454	5	{'adipose tissue': '0.03977', 'adrenal gland': '0.04323', 'arterial blood vessel': '0.04323', 'blood': '0.04323', 'blood vessel': '0.04323', 'bone element': '0.03977', 'bone marrow': '0.03977', 'brain': '0.06784', 'breast': '0.03977', 'colon': '0.04323', 'connective tissue': '0.04323', 'ear': '0.03977', 'embryo': '0.04323', 'endocrine gland': '0.04323', 'epithelium': '0.04323', 'esophagus': '0.04323', 'exocrine gland': '0.04323', 'extraembryonic component': '0.04323', 'eye': '0.03977', 'gonad': '0.03977', 'heart': '0.04323', 'immune organ': '0.03977', 'intestine': '0.04323', 'kidney': '0.04323', 'large intestine': '0.04323', 'limb': '0.04323', 'liver': '0.04323', 'lung': '0.04323', 'lymph node': '0.03977', 'lymphoid tissue': '0.03977', 'mammary gland': '0.03977', 'mouth': '0.03977', 'musculature of body': '0.04323', 'nerve': '0.04323', 'ovary': '0.03977', 'pancreas': '0.03977', 'penis': '0.02649', 'placenta': '0.04323', 'prostate gland': '0.03977', 'skin of body': '0.02649', 'skin of prepuce of penis': '0.03555', 'small intestine': '0.04323', 'spinal cord': '0.03977', 'spleen': '0.03977', 'stomach': '0.04323', 'testis': '0.03977', 'thymus': '0.03977', 'thyroid gland': '0.03977', 'uterus': '0.03977', 'vagina': '0.03977', 'vasculature': '0.04323'}	False	True	False	False	0.0	0.0	False	False	False
chr17	45833491	45833492	rs1409770489	0.13454	5	{'adipose tissue': '0.03977', 'adrenal gland': '0.04323', 'arterial blood vessel': '0.04323', 'blood': '0.04323', 'blood vessel': '0.04323', 'bone element': '0.03977', 'bone marrow': '0.03977', 'brain': '0.06784', 'breast': '0.03977', 'colon': '0.04323', 'connective tissue': '0.04323', 'ear': '0.03977', 'embryo': '0.04323', 'endocrine gland': '0.04323', 'epithelium': '0.04323', 'esophagus': '0.04323', 'exocrine gland': '0.04323', 'extraembryonic component': '0.04323', 'eye': '0.03977', 'gonad': '0.03977', 'heart': '0.04323', 'immune organ': '0.04323', 'intestine': '0.04323', 'kidney': '0.04323', 'large intestine': '0.04323', 'limb': '0.04323', 'liver': '0.04323', 'lung': '0.04323', 'lymph node': '0.03977', 'lymphoid tissue': '0.03977', 'mammary gland': '0.03977', 'mouth': '0.03977', 'musculature of body': '0.04323', 'nerve': '0.04323', 'ovary': '0.03977', 'pancreas': '0.03977', 'penis': '0.02649', 'placenta': '0.04323', 'prostate gland': '0.03977', 'skin of body': '0.02649', 'skin of prepuce of penis': '0.03555', 'small intestine': '0.04323', 'spinal cord': '0.03977', 'spleen': '0.04323', 'stomach': '0.04323', 'testis': '0.03977', 'thymus': '0.03977', 'thyroid gland': '0.03977', 'uterus': '0.03977', 'vagina': '0.03977', 'vasculature': '0.04323'}	False	True	False	False	0.0	0.0	False	False	False
chr17	45833502	45833503	rs759910702	0.13454	5	{'adipose tissue': '0.03977', 'adrenal gland': '0.04323', 'arterial blood vessel': '0.04323', 'blood': '0.04323', 'blood vessel': '0.04323', 'bone element': '0.03977', 'bone marrow': '0.03977', 'brain': '0.06784', 'breast': '0.03977', 'colon': '0.04323', 'connective tissue': '0.04323', 'ear': '0.03977', 'embryo': '0.04323', 'endocrine gland': '0.04323', 'epithelium': '0.04323', 'esophagus': '0.04323', 'exocrine gland': '0.04323', 'extraembryonic component': '0.04323', 'eye': '0.03977', 'gonad': '0.03977', 'heart': '0.04323', 'immune organ': '0.04323', 'intestine': '0.04323', 'kidney': '0.04323', 'large intestine': '0.04323', 'limb': '0.04323', 'liver': '0.04323', 'lung': '0.04323', 'lymph node': '0.03977', 'lymphoid tissue': '0.03977', 'mammary gland': '0.03977', 'mouth': '0.03977', 'musculature of body': '0.04323', 'nerve': '0.04323', 'ovary': '0.03977', 'pancreas': '0.03977', 'penis': '0.02649', 'placenta': '0.04323', 'prostate gland': '0.03977', 'skin of body': '0.02649', 'skin of prepuce of penis': '0.03555', 'small intestine': '0.04323', 'spinal cord': '0.03977', 'spleen': '0.04323', 'stomach': '0.04323', 'testis': '0.03977', 'thymus': '0.03977', 'thyroid gland': '0.03977', 'uterus': '0.03977', 'vagina': '0.03977', 'vasculature': '0.04323'}	False	True	False	False	0.0	0.0	False	False	False
chr17	45833503	45833504	rs199643306	0.13454	5	{'adipose tissue': '0.03977', 'adrenal gland': '0.04323', 'arterial blood vessel': '0.04323', 'blood': '0.04323', 'blood vessel': '0.04323', 'bone element': '0.03977', 'bone marrow': '0.03977', 'brain': '0.06784', 'breast': '0.03977', 'colon': '0.04323', 'connective tissue': '0.04323', 'ear': '0.03977', 'embryo': '0.04323', 'endocrine gland': '0.04323', 'epithelium': '0.04323', 'esophagus': '0.04323', 'exocrine gland': '0.04323', 'extraembryonic component': '0.04323', 'eye': '0.03977', 'gonad': '0.03977', 'heart': '0.04323', 'immune organ': '0.04323', 'intestine': '0.04323', 'kidney': '0.04323', 'large intestine': '0.04323', 'limb': '0.04323', 'liver': '0.04323', 'lung': '0.04323', 'lymph node': '0.03977', 'lymphoid tissue': '0.03977', 'mammary gland': '0.03977', 'mouth': '0.03977', 'musculature of body': '0.04323', 'nerve': '0.04323', 'ovary': '0.03977', 'pancreas': '0.03977', 'penis': '0.02649', 'placenta': '0.04323', 'prostate gland': '0.03977', 'skin of body': '0.02649', 'skin of prepuce of penis': '0.03555', 'small intestine': '0.04323', 'spinal cord': '0.03977', 'spleen': '0.04323', 'stomach': '0.04323', 'testis': '0.03977', 'thymus': '0.03977', 'thyroid gland': '0.03977', 'uterus': '0.03977', 'vagina': '0.03977', 'vasculature': '0.04323'}	False	True	False	False	0.0	0.0	False	False	False
chr17	45833505	45833506	rs375598478	0.13454	5	{'adipose tissue': '0.03977', 'adrenal gland': '0.04323', 'arterial blood vessel': '0.04323', 'blood': '0.04323', 'blood vessel': '0.04323', 'bone element': '0.03977', 'bone marrow': '0.03977', 'brain': '0.06784', 'breast': '0.03977', 'colon': '0.04323', 'connective tissue': '0.04323', 'ear': '0.03977', 'embryo': '0.04323', 'endocrine gland': '0.04323', 'epithelium': '0.04323', 'esophagus': '0.04323', 'exocrine gland': '0.04323', 'extraembryonic component': '0.04323', 'eye': '0.03977', 'gonad': '0.03977', 'heart': '0.04323', 'immune organ': '0.04323', 'intestine': '0.04323', 'kidney': '0.04323', 'large intestine': '0.04323', 'limb': '0.04323', 'liver': '0.04323', 'lung': '0.04323', 'lymph node': '0.03977', 'lymphoid tissue': '0.03977', 'mammary gland': '0.03977', 'mouth': '0.03977', 'musculature of body': '0.04323', 'nerve': '0.04323', 'ovary': '0.03977', 'pancreas': '0.03977', 'penis': '0.02649', 'placenta': '0.04323', 'prostate gland': '0.03977', 'skin of body': '0.02649', 'skin of prepuce of penis': '0.03555', 'small intestine': '0.04323', 'spinal cord': '0.03977', 'spleen': '0.04323', 'stomach': '0.04323', 'testis': '0.03977', 'thymus': '0.03977', 'thyroid gland': '0.03977', 'uterus': '0.03977', 'vagina': '0.03977', 'vasculature': '0.04323'}	False	True	False	False	0.0	0.0	False	False	False
chr17	45833514	45833515	rs1474924278	0.13454	5	{'adipose tissue': '0.03977', 'adrenal gland': '0.04323', 'arterial blood vessel': '0.04323', 'blood': '0.04323', 'blood vessel': '0.04323', 'bone element': '0.03977', 'bone marrow': '0.03977', 'brain': '0.06784', 'breast': '0.03977', 'colon': '0.04323', 'connective tissue': '0.04323', 'ear': '0.03977', 'embryo': '0.04323', 'endocrine gland': '0.04323', 'epithelium': '0.04323', 'esophagus': '0.04323', 'exocrine gland': '0.04323', 'extraembryonic component': '0.04323', 'eye': '0.03977', 'gonad': '0.03977', 'heart': '0.04323', 'immune organ': '0.04323', 'intestine': '0.04323', 'kidney': '0.04323', 'large intestine': '0.04323', 'limb': '0.04323', 'liver': '0.04323', 'lung': '0.04323', 'lymph node': '0.03977', 'lymphoid tissue': '0.03977', 'mammary gland': '0.03977', 'mouth': '0.03977', 'musculature of body': '0.04323', 'nerve': '0.04323', 'ovary': '0.03977', 'pancreas': '0.03977', 'penis': '0.02649', 'placenta': '0.04323', 'prostate gland': '0.03977', 'skin of body': '0.02649', 'skin of prepuce of penis': '0.03555', 'small intestine': '0.04323', 'spinal cord': '0.03977', 'spleen': '0.04323', 'stomach': '0.04323', 'testis': '0.03977', 'thymus': '0.03977', 'thyroid gland': '0.03977', 'uterus': '0.03977', 'vagina': '0.03977', 'vasculature': '0.04323'}	False	True	False	False	0.0	0.0	False	False	False
chr17	45833515	45833516	rs1162632446	0.13454	5	{'adipose tissue': '0.03977', 'adrenal gland': '0.04323', 'arterial blood vessel': '0.04323', 'blood': '0.04323', 'blood vessel': '0.04323', 'bone element': '0.03977', 'bone marrow': '0.03977', 'brain': '0.06784', 'breast': '0.03977', 'colon': '0.04323', 'connective tissue': '0.04323', 'ear': '0.03977', 'embryo': '0.04323', 'endocrine gland': '0.04323', 'epithelium': '0.04323', 'esophagus': '0.04323', 'exocrine gland': '0.04323', 'extraembryonic component': '0.04323', 'eye': '0.03977', 'gonad': '0.03977', 'heart': '0.04323', 'immune organ': '0.04323', 'intestine': '0.04323', 'kidney': '0.04323', 'large intestine': '0.04323', 'limb': '0.04323', 'liver': '0.04323', 'lung': '0.04323', 'lymph node': '0.03977', 'lymphoid tissue': '0.03977', 'mammary gland': '0.03977', 'mouth': '0.03977', 'musculature of body': '0.04323', 'nerve': '0.04323', 'ovary': '0.03977', 'pancreas': '0.03977', 'penis': '0.02649', 'placenta': '0.04323', 'prostate gland': '0.03977', 'skin of body': '0.02649', 'skin of prepuce of penis': '0.03555', 'small intestine': '0.04323', 'spinal cord': '0.03977', 'spleen': '0.04323', 'stomach': '0.04323', 'testis': '0.03977', 'thymus': '0.03977', 'thyroid gland': '0.03977', 'uterus': '0.03977', 'vagina': '0.03977', 'vasculature': '0.04323'}	False	True	False	False	0.0	0.0	False	False	False
chr17	45833714	45833715	rs1288751204	0.60906	4	{'adipose tissue': '0.18004', 'adrenal gland': '0.19569', 'arterial blood vessel': '0.19569', 'blood': '0.18004', 'blood vessel': '0.19569', 'bone element': '0.18004', 'bone marrow': '0.18004', 'brain': '0.30709', 'breast': '0.18004', 'colon': '0.19569', 'connective tissue': '0.19569', 'ear': '0.18004', 'embryo': '0.18004', 'endocrine gland': '0.19569', 'epithelium': '0.19569', 'esophagus': '0.19569', 'exocrine gland': '0.18004', 'extraembryonic component': '0.19569', 'eye': '0.18004', 'gonad': '0.18004', 'heart': '0.19569', 'immune organ': '0.19569', 'intestine': '0.19569', 'kidney': '0.18004', 'large intestine': '0.19569', 'limb': '0.19569', 'liver': '0.18004', 'lung': '0.19569', 'lymph node': '0.18004', 'lymphoid tissue': '0.18004', 'mammary gland': '0.18004', 'mouth': '0.18004', 'musculature of body': '0.19569', 'nerve': '0.19569', 'ovary': '0.18004', 'pancreas': '0.18004', 'penis': '0.19569', 'placenta': '0.19569', 'prostate gland': '0.18004', 'skin of body': '0.19569', 'skin of prepuce of penis': '0.18004', 'small intestine': '0.18004', 'spinal cord': '0.18004', 'spleen': '0.19569', 'stomach': '0.19569', 'testis': '0.18004', 'thymus': '0.18004', 'thyroid gland': '0.18004', 'uterus': '0.18004', 'vagina': '0.18004', 'vasculature': '0.19569'}	True	True	False	False	0.0	0.0	False	False	False
chr17	45833717	45833718	rs1360533028	0.60906	4	{'adipose tissue': '0.18004', 'adrenal gland': '0.19569', 'arterial blood vessel': '0.19569', 'blood': '0.18004', 'blood vessel': '0.19569', 'bone element': '0.18004', 'bone marrow': '0.18004', 'brain': '0.30709', 'breast': '0.18004', 'colon': '0.19569', 'connective tissue': '0.19569', 'ear': '0.18004', 'embryo': '0.18004', 'endocrine gland': '0.19569', 'epithelium': '0.19569', 'esophagus': '0.19569', 'exocrine gland': '0.18004', 'extraembryonic component': '0.19569', 'eye': '0.18004', 'gonad': '0.18004', 'heart': '0.19569', 'immune organ': '0.19569', 'intestine': '0.19569', 'kidney': '0.18004', 'large intestine': '0.19569', 'limb': '0.19569', 'liver': '0.18004', 'lung': '0.19569', 'lymph node': '0.18004', 'lymphoid tissue': '0.18004', 'mammary gland': '0.18004', 'mouth': '0.18004', 'musculature of body': '0.19569', 'nerve': '0.19569', 'ovary': '0.18004', 'pancreas': '0.18004', 'penis': '0.19569', 'placenta': '0.19569', 'prostate gland': '0.18004', 'skin of body': '0.19569', 'skin of prepuce of penis': '0.18004', 'small intestine': '0.18004', 'spinal cord': '0.18004', 'spleen': '0.19569', 'stomach': '0.19569', 'testis': '0.18004', 'thymus': '0.18004', 'thyroid gland': '0.18004', 'uterus': '0.18004', 'vagina': '0.18004', 'vasculature': '0.19569'}	True	True	False	False	0.0	0.0	False	False	False
chr17	45833724	45833725	rs749665568	0.60906	4	{'adipose tissue': '0.18004', 'adrenal gland': '0.19569', 'arterial blood vessel': '0.19569', 'blood': '0.18004', 'blood vessel': '0.19569', 'bone element': '0.18004', 'bone marrow': '0.18004', 'brain': '0.30709', 'breast': '0.18004', 'colon': '0.19569', 'connective tissue': '0.19569', 'ear': '0.18004', 'embryo': '0.18004', 'endocrine gland': '0.19569', 'epithelium': '0.19569', 'esophagus': '0.19569', 'exocrine gland': '0.18004', 'extraembryonic component': '0.19569', 'eye': '0.18004', 'gonad': '0.18004', 'heart': '0.19569', 'immune organ': '0.19569', 'intestine': '0.19569', 'kidney': '0.18004', 'large intestine': '0.19569', 'limb': '0.19569', 'liver': '0.18004', 'lung': '0.19569', 'lymph node': '0.18004', 'lymphoid tissue': '0.18004', 'mammary gland': '0.18004', 'mouth': '0.18004', 'musculature of body': '0.19569', 'nerve': '0.19569', 'ovary': '0.18004', 'pancreas': '0.18004', 'penis': '0.19569', 'placenta': '0.19569', 'prostate gland': '0.18004', 'skin of body': '0.19569', 'skin of prepuce of penis': '0.18004', 'small intestine': '0.18004', 'spinal cord': '0.18004', 'spleen': '0.19569', 'stomach': '0.19569', 'testis': '0.18004', 'thymus': '0.18004', 'thyroid gland': '0.18004', 'uterus': '0.18004', 'vagina': '0.18004', 'vasculature': '0.19569'}	True	True	False	False	0.0	0.0	False	False	False
chr17	45833726	45833727	rs1443528719	0.60906	4	{'adipose tissue': '0.18004', 'adrenal gland': '0.19569', 'arterial blood vessel': '0.19569', 'blood': '0.18004', 'blood vessel': '0.19569', 'bone element': '0.18004', 'bone marrow': '0.18004', 'brain': '0.30709', 'breast': '0.18004', 'colon': '0.19569', 'connective tissue': '0.19569', 'ear': '0.18004', 'embryo': '0.18004', 'endocrine gland': '0.19569', 'epithelium': '0.19569', 'esophagus': '0.19569', 'exocrine gland': '0.18004', 'extraembryonic component': '0.19569', 'eye': '0.18004', 'gonad': '0.18004', 'heart': '0.19569', 'immune organ': '0.19569', 'intestine': '0.19569', 'kidney': '0.18004', 'large intestine': '0.19569', 'limb': '0.19569', 'liver': '0.18004', 'lung': '0.19569', 'lymph node': '0.18004', 'lymphoid tissue': '0.18004', 'mammary gland': '0.18004', 'mouth': '0.18004', 'musculature of body': '0.19569', 'nerve': '0.19569', 'ovary': '0.18004', 'pancreas': '0.18004', 'penis': '0.19569', 'placenta': '0.19569', 'prostate gland': '0.18004', 'skin of body': '0.19569', 'skin of prepuce of penis': '0.18004', 'small intestine': '0.18004', 'spinal cord': '0.18004', 'spleen': '0.19569', 'stomach': '0.19569', 'testis': '0.18004', 'thymus': '0.18004', 'thyroid gland': '0.18004', 'uterus': '0.18004', 'vagina': '0.18004', 'vasculature': '0.19569'}	True	True	False	False	0.0	0.0	False	False	False
chr17	45833727	45833728	rs774379573	0.60906	4	{'adipose tissue': '0.18004', 'adrenal gland': '0.19569', 'arterial blood vessel': '0.19569', 'blood': '0.18004', 'blood vessel': '0.19569', 'bone element': '0.18004', 'bone marrow': '0.18004', 'brain': '0.30709', 'breast': '0.18004', 'colon': '0.19569', 'connective tissue': '0.19569', 'ear': '0.18004', 'embryo': '0.18004', 'endocrine gland': '0.19569', 'epithelium': '0.19569', 'esophagus': '0.19569', 'exocrine gland': '0.18004', 'extraembryonic component': '0.19569', 'eye': '0.18004', 'gonad': '0.18004', 'heart': '0.19569', 'immune organ': '0.19569', 'intestine': '0.19569', 'kidney': '0.18004', 'large intestine': '0.19569', 'limb': '0.19569', 'liver': '0.18004', 'lung': '0.19569', 'lymph node': '0.18004', 'lymphoid tissue': '0.18004', 'mammary gland': '0.18004', 'mouth': '0.18004', 'musculature of body': '0.19569', 'nerve': '0.19569', 'ovary': '0.18004', 'pancreas': '0.18004', 'penis': '0.19569', 'placenta': '0.19569', 'prostate gland': '0.18004', 'skin of body': '0.19569', 'skin of prepuce of penis': '0.18004', 'small intestine': '0.18004', 'spinal cord': '0.18004', 'spleen': '0.19569', 'stomach': '0.19569', 'testis': '0.18004', 'thymus': '0.18004', 'thyroid gland': '0.18004', 'uterus': '0.18004', 'vagina': '0.18004', 'vasculature': '0.19569'}	True	True	False	False	0.0	0.0	False	False	False
chr17	45833748	45833749	rs1171693438	0.60906	4	{'adipose tissue': '0.18004', 'adrenal gland': '0.19569', 'arterial blood vessel': '0.19569', 'blood': '0.18004', 'blood vessel': '0.19569', 'bone element': '0.18004', 'bone marrow': '0.18004', 'brain': '0.30709', 'breast': '0.18004', 'colon': '0.19569', 'connective tissue': '0.19569', 'ear': '0.18004', 'embryo': '0.18004', 'endocrine gland': '0.19569', 'epithelium': '0.19569', 'esophagus': '0.19569', 'exocrine gland': '0.18004', 'extraembryonic component': '0.19569', 'eye': '0.18004', 'gonad': '0.18004', 'heart': '0.19569', 'immune organ': '0.19569', 'intestine': '0.19569', 'kidney': '0.18004', 'large intestine': '0.19569', 'limb': '0.19569', 'liver': '0.18004', 'lung': '0.19569', 'lymph node': '0.18004', 'lymphoid tissue': '0.18004', 'mammary gland': '0.18004', 'mouth': '0.18004', 'musculature of body': '0.19569', 'nerve': '0.19569', 'ovary': '0.18004', 'pancreas': '0.18004', 'penis': '0.19569', 'placenta': '0.19569', 'prostate gland': '0.18004', 'skin of body': '0.19569', 'skin of prepuce of penis': '0.18004', 'small intestine': '0.18004', 'spinal cord': '0.18004', 'spleen': '0.19569', 'stomach': '0.19569', 'testis': '0.18004', 'thymus': '0.18004', 'thyroid gland': '0.18004', 'uterus': '0.18004', 'vagina': '0.18004', 'vasculature': '0.19569'}	True	True	False	False	0.0	0.0	False	False	False
chr17	45833751	45833752	rs1465918334	0.60906	4	{'adipose tissue': '0.18004', 'adrenal gland': '0.19569', 'arterial blood vessel': '0.19569', 'blood': '0.18004', 'blood vessel': '0.19569', 'bone element': '0.18004', 'bone marrow': '0.18004', 'brain': '0.30709', 'breast': '0.18004', 'colon': '0.19569', 'connective tissue': '0.19569', 'ear': '0.18004', 'embryo': '0.18004', 'endocrine gland': '0.19569', 'epithelium': '0.19569', 'esophagus': '0.19569', 'exocrine gland': '0.18004', 'extraembryonic component': '0.19569', 'eye': '0.18004', 'gonad': '0.18004', 'heart': '0.19569', 'immune organ': '0.19569', 'intestine': '0.19569', 'kidney': '0.18004', 'large intestine': '0.19569', 'limb': '0.19569', 'liver': '0.18004', 'lung': '0.19569', 'lymph node': '0.18004', 'lymphoid tissue': '0.18004', 'mammary gland': '0.18004', 'mouth': '0.18004', 'musculature of body': '0.19569', 'nerve': '0.19569', 'ovary': '0.18004', 'pancreas': '0.18004', 'penis': '0.19569', 'placenta': '0.19569', 'prostate gland': '0.18004', 'skin of body': '0.19569', 'skin of prepuce of penis': '0.18004', 'small intestine': '0.18004', 'spinal cord': '0.18004', 'spleen': '0.19569', 'stomach': '0.19569', 'testis': '0.18004', 'thymus': '0.18004', 'thyroid gland': '0.18004', 'uterus': '0.18004', 'vagina': '0.18004', 'vasculature': '0.19569'}	True	True	False	False	0.0	0.0	False	False	False
chr17	45833772	45833773	rs775549154	0.04578	5	{'adipose tissue': '0.01353', 'adrenal gland': '0.01471', 'arterial blood vessel': '0.01471', 'blood': '0.01353', 'blood vessel': '0.01471', 'bone element': '0.01353', 'bone marrow': '0.01353', 'brain': '0.02308', 'breast': '0.01353', 'colon': '0.01471', 'connective tissue': '0.01471', 'ear': '0.01353', 'embryo': '0.01353', 'endocrine gland': '0.01471', 'epithelium': '0.01471', 'esophagus': '0.01471', 'exocrine gland': '0.01471', 'extraembryonic component': '0.01471', 'eye': '0.02056', 'gonad': '0.01353', 'heart': '0.01471', 'immune organ': '0.01471', 'intestine': '0.01471', 'kidney': '0.01353', 'large intestine': '0.01471', 'limb': '0.01471', 'liver': '0.01471', 'lung': '0.01209', 'lymph node': '0.01353', 'lymphoid tissue': '0.01353', 'mammary gland': '0.01353', 'mouth': '0.01353', 'musculature of body': '0.01471', 'nerve': '0.01471', 'ovary': '0.01353', 'pancreas': '0.01353', 'penis': '0.01471', 'placenta': '0.01471', 'prostate gland': '0.01353', 'skin of body': '0.01471', 'skin of prepuce of penis': '0.01353', 'small intestine': '0.01353', 'spinal cord': '0.01353', 'spleen': '0.01471', 'stomach': '0.01471', 'testis': '0.01353', 'thymus': '0.01353', 'thyroid gland': '0.01353', 'uterus': '0.01353', 'vagina': '0.01353', 'vasculature': '0.01471'}	True	False	True	False	0.0	0.0	False	False	False
chr17	45833775	45833776	rs1317529549	0.04578	5	{'adipose tissue': '0.01353', 'adrenal gland': '0.01471', 'arterial blood vessel': '0.01471', 'blood': '0.01353', 'blood vessel': '0.01471', 'bone element': '0.01353', 'bone marrow': '0.01353', 'brain': '0.02308', 'breast': '0.01353', 'colon': '0.01471', 'connective tissue': '0.01471', 'ear': '0.01353', 'embryo': '0.01353', 'endocrine gland': '0.01471', 'epithelium': '0.01471', 'esophagus': '0.01471', 'exocrine gland': '0.01471', 'extraembryonic component': '0.01471', 'eye': '0.02056', 'gonad': '0.01353', 'heart': '0.01471', 'immune organ': '0.01471', 'intestine': '0.01471', 'kidney': '0.01353', 'large intestine': '0.01471', 'limb': '0.01471', 'liver': '0.01471', 'lung': '0.01209', 'lymph node': '0.01353', 'lymphoid tissue': '0.01353', 'mammary gland': '0.01353', 'mouth': '0.01353', 'musculature of body': '0.01471', 'nerve': '0.01471', 'ovary': '0.01353', 'pancreas': '0.01353', 'penis': '0.01471', 'placenta': '0.01471', 'prostate gland': '0.01353', 'skin of body': '0.01471', 'skin of prepuce of penis': '0.01353', 'small intestine': '0.01353', 'spinal cord': '0.01353', 'spleen': '0.01471', 'stomach': '0.01471', 'testis': '0.01353', 'thymus': '0.01353', 'thyroid gland': '0.01353', 'uterus': '0.01353', 'vagina': '0.01353', 'vasculature': '0.01471'}	True	False	True	False	0.0	0.0	False	False	False
chr17	45833783	45833784	rs1192403414	0.60906	4	{'adipose tissue': '0.18004', 'adrenal gland': '0.19569', 'arterial blood vessel': '0.19569', 'blood': '0.18004', 'blood vessel': '0.19569', 'bone element': '0.18004', 'bone marrow': '0.18004', 'brain': '0.30709', 'breast': '0.18004', 'colon': '0.19569', 'connective tissue': '0.19569', 'ear': '0.18004', 'embryo': '0.18004', 'endocrine gland': '0.19569', 'epithelium': '0.19569', 'esophagus': '0.19569', 'exocrine gland': '0.19569', 'extraembryonic component': '0.19569', 'eye': '0.27353', 'gonad': '0.18004', 'heart': '0.19569', 'immune organ': '0.19569', 'intestine': '0.19569', 'kidney': '0.18004', 'large intestine': '0.19569', 'limb': '0.19569', 'liver': '0.19569', 'lung': '0.19569', 'lymph node': '0.18004', 'lymphoid tissue': '0.18004', 'mammary gland': '0.18004', 'mouth': '0.18004', 'musculature of body': '0.19569', 'nerve': '0.19569', 'ovary': '0.18004', 'pancreas': '0.18004', 'penis': '0.19569', 'placenta': '0.19569', 'prostate gland': '0.18004', 'skin of body': '0.19569', 'skin of prepuce of penis': '0.18004', 'small intestine': '0.18004', 'spinal cord': '0.18004', 'spleen': '0.19569', 'stomach': '0.19569', 'testis': '0.18004', 'thymus': '0.18004', 'thyroid gland': '0.18004', 'uterus': '0.18004', 'vagina': '0.18004', 'vasculature': '0.19569'}	True	True	False	False	0.0	0.0	False	False	False
chr17	45833786	45833787	rs1252219531	0.82679	2b	{'adipose tissue': '0.2444', 'adrenal gland': '0.26565', 'arterial blood vessel': '0.26565', 'blood': '0.2444', 'blood vessel': '0.26565', 'bone element': '0.2444', 'bone marrow': '0.2444', 'brain': '0.41687', 'breast': '0.2444', 'colon': '0.26565', 'connective tissue': '0.26565', 'ear': '0.2444', 'embryo': '0.2444', 'endocrine gland': '0.26565', 'epithelium': '0.26565', 'esophagus': '0.26565', 'exocrine gland': '0.26565', 'extraembryonic component': '0.26565', 'eye': '0.37131', 'gonad': '0.2444', 'heart': '0.21827', 'immune organ': '0.26565', 'intestine': '0.26565', 'kidney': '0.2444', 'large intestine': '0.26565', 'limb': '0.26565', 'liver': '0.26565', 'lung': '0.21827', 'lymph node': '0.2444', 'lymphoid tissue': '0.2444', 'mammary gland': '0.2444', 'mouth': '0.2444', 'musculature of body': '0.26565', 'nerve': '0.26565', 'ovary': '0.2444', 'pancreas': '0.2444', 'penis': '0.26565', 'placenta': '0.26565', 'prostate gland': '0.2444', 'skin of body': '0.26565', 'skin of prepuce of penis': '0.2444', 'small intestine': '0.2444', 'spinal cord': '0.2444', 'spleen': '0.26565', 'stomach': '0.26565', 'testis': '0.2444', 'thymus': '0.2444', 'thyroid gland': '0.2444', 'uterus': '0.2444', 'vagina': '0.2444', 'vasculature': '0.26565'}	True	True	True	False	0.0	0.5799999833106995	True	False	False
chr17	45833796	45833797	rs200468311	0.74417	2b	{'adipose tissue': '0.21998', 'adrenal gland': '0.2391', 'arterial blood vessel': '0.2391', 'blood': '0.21998', 'blood vessel': '0.2391', 'bone element': '0.21998', 'bone marrow': '0.21998', 'brain': '0.37521', 'breast': '0.21998', 'colon': '0.2391', 'connective tissue': '0.2391', 'ear': '0.21998', 'embryo': '0.21998', 'endocrine gland': '0.2391', 'epithelium': '0.2391', 'esophagus': '0.2391', 'exocrine gland': '0.2391', 'extraembryonic component': '0.2391', 'eye': '0.33421', 'gonad': '0.21998', 'heart': '0.19646', 'immune organ': '0.2391', 'intestine': '0.2391', 'kidney': '0.21998', 'large intestine': '0.2391', 'limb': '0.2391', 'liver': '0.2391', 'lung': '0.19646', 'lymph node': '0.21998', 'lymphoid tissue': '0.21998', 'mammary gland': '0.21998', 'mouth': '0.21998', 'musculature of body': '0.2391', 'nerve': '0.2391', 'ovary': '0.21998', 'pancreas': '0.21998', 'penis': '0.2391', 'placenta': '0.2391', 'prostate gland': '0.21998', 'skin of body': '0.2391', 'skin of prepuce of penis': '0.21998', 'small intestine': '0.21998', 'spinal cord': '0.21998', 'spleen': '0.2391', 'stomach': '0.2391', 'testis': '0.21998', 'thymus': '0.21998', 'thyroid gland': '0.21998', 'uterus': '0.21998', 'vagina': '0.21998', 'vasculature': '0.2391'}	True	True	True	False	0.0	1.0299999713897705	True	False	False
chr17	45833817	45833818	rs1368847214	0.60906	4	{'adipose tissue': '0.19569', 'adrenal gland': '0.19569', 'arterial blood vessel': '0.19569', 'blood': '0.18004', 'blood vessel': '0.19569', 'bone element': '0.18004', 'bone marrow': '0.18004', 'brain': '0.28364', 'breast': '0.18004', 'colon': '0.19569', 'connective tissue': '0.19569', 'ear': '0.18004', 'embryo': '0.18004', 'endocrine gland': '0.19569', 'epithelium': '0.19569', 'esophagus': '0.19569', 'exocrine gland': '0.19569', 'extraembryonic component': '0.19569', 'eye': '0.27353', 'gonad': '0.18004', 'heart': '0.19569', 'immune organ': '0.19569', 'intestine': '0.19569', 'kidney': '0.19569', 'large intestine': '0.19569', 'limb': '0.19569', 'liver': '0.19569', 'lung': '0.19569', 'lymph node': '0.18004', 'lymphoid tissue': '0.18004', 'mammary gland': '0.19569', 'mouth': '0.18004', 'musculature of body': '0.19569', 'nerve': '0.19569', 'ovary': '0.18004', 'pancreas': '0.18004', 'penis': '0.19569', 'placenta': '0.19569', 'prostate gland': '0.18004', 'skin of body': '0.19569', 'skin of prepuce of penis': '0.18004', 'small intestine': '0.18004', 'spinal cord': '0.27353', 'spleen': '0.19569', 'stomach': '0.19569', 'testis': '0.18004', 'thymus': '0.18004', 'thyroid gland': '0.18004', 'uterus': '0.18004', 'vagina': '0.18004', 'vasculature': '0.19569'}	True	True	False	False	0.0	0.0	False	False	False
chr17	45833823	45833824	rs368619577	0.60906	4	{'adipose tissue': '0.19569', 'adrenal gland': '0.19569', 'arterial blood vessel': '0.19569', 'blood': '0.18004', 'blood vessel': '0.19569', 'bone element': '0.18004', 'bone marrow': '0.18004', 'brain': '0.28364', 'breast': '0.18004', 'colon': '0.19569', 'connective tissue': '0.19569', 'ear': '0.18004', 'embryo': '0.18004', 'endocrine gland': '0.19569', 'epithelium': '0.19569', 'esophagus': '0.19569', 'exocrine gland': '0.19569', 'extraembryonic component': '0.19569', 'eye': '0.27353', 'gonad': '0.18004', 'heart': '0.19569', 'immune organ': '0.19569', 'intestine': '0.19569', 'kidney': '0.19569', 'large intestine': '0.19569', 'limb': '0.19569', 'liver': '0.19569', 'lung': '0.19569', 'lymph node': '0.18004', 'lymphoid tissue': '0.18004', 'mammary gland': '0.19569', 'mouth': '0.18004', 'musculature of body': '0.19569', 'nerve': '0.19569', 'ovary': '0.18004', 'pancreas': '0.18004', 'penis': '0.19569', 'placenta': '0.19569', 'prostate gland': '0.18004', 'skin of body': '0.19569', 'skin of prepuce of penis': '0.18004', 'small intestine': '0.18004', 'spinal cord': '0.27353', 'spleen': '0.19569', 'stomach': '0.19569', 'testis': '0.18004', 'thymus': '0.18004', 'thyroid gland': '0.18004', 'uterus': '0.18004', 'vagina': '0.18004', 'vasculature': '0.19569'}	True	True	False	False	0.0	0.0	False	False	False
chr17	45833829	45833830	rs750934628	0.63576	2b	{'adipose tissue': '0.20427', 'adrenal gland': '0.20427', 'arterial blood vessel': '0.20427', 'blood': '0.18793', 'blood vessel': '0.20427', 'bone element': '0.18793', 'bone marrow': '0.18793', 'brain': '0.29607', 'breast': '0.18793', 'colon': '0.20427', 'connective tissue': '0.16784', 'ear': '0.18793', 'embryo': '0.18793', 'endocrine gland': '0.20427', 'epithelium': '0.20427', 'esophagus': '0.20427', 'exocrine gland': '0.20427', 'extraembryonic component': '0.20427', 'eye': '0.28552', 'gonad': '0.18793', 'heart': '0.16784', 'immune organ': '0.20427', 'intestine': '0.20427', 'kidney': '0.20427', 'large intestine': '0.20427', 'limb': '0.20427', 'liver': '0.20427', 'lung': '0.16784', 'lymph node': '0.18793', 'lymphoid tissue': '0.18793', 'mammary gland': '0.20427', 'mouth': '0.18793', 'musculature of body': '0.20427', 'nerve': '0.20427', 'ovary': '0.18793', 'pancreas': '0.18793', 'penis': '0.20427', 'placenta': '0.20427', 'prostate gland': '0.18793', 'skin of body': '0.20427', 'skin of prepuce of penis': '0.18793', 'small intestine': '0.18793', 'spinal cord': '0.28552', 'spleen': '0.20427', 'stomach': '0.20427', 'testis': '0.18793', 'thymus': '0.18793', 'thyroid gland': '0.18793', 'uterus': '0.18793', 'vagina': '0.18793', 'vasculature': '0.20427'}	True	True	True	False	0.0	1.4600000381469727	True	False	False
chr17	45834006	45834007	rs1436855094	0.60906	4	{'adipose tissue': '0.19569', 'adrenal gland': '0.19569', 'arterial blood vessel': '0.19569', 'blood': '0.19569', 'blood vessel': '0.19569', 'bone element': '0.16731', 'bone marrow': '0.27353', 'brain': '0.14045', 'breast': '0.18004', 'colon': '0.19569', 'connective tissue': '0.16731', 'ear': '0.18004', 'embryo': '0.16731', 'endocrine gland': '0.19569', 'epithelium': '0.16731', 'esophagus': '0.19569', 'exocrine gland': '0.19569', 'extraembryonic component': '0.19569', 'eye': '0.27353', 'gonad': '0.18004', 'heart': '0.19569', 'immune organ': '0.19569', 'intestine': '0.19569', 'kidney': '0.19569', 'large intestine': '0.19569', 'limb': '0.19569', 'liver': '0.19569', 'lung': '0.19569', 'lymph node': '0.18004', 'lymphoid tissue': '0.18004', 'mammary gland': '0.19569', 'mouth': '0.18004', 'musculature of body': '0.16731', 'nerve': '0.19569', 'ovary': '0.18004', 'pancreas': '0.18004', 'penis': '0.16731', 'placenta': '0.19569', 'prostate gland': '0.18004', 'skin of body': '0.16731', 'skin of prepuce of penis': '0.27353', 'small intestine': '0.18004', 'spinal cord': '0.16116', 'spleen': '0.19569', 'stomach': '0.19569', 'testis': '0.18004', 'thymus': '0.18004', 'thyroid gland': '0.18004', 'uterus': '0.18004', 'vagina': '0.18004', 'vasculature': '0.19569'}	True	True	False	False	0.0	0.0	False	False	False
chr17	45834009	45834010	rs541062097	0.70497	4	{'adipose tissue': '0.22651', 'adrenal gland': '0.22651', 'arterial blood vessel': '0.22651', 'blood': '0.22651', 'blood vessel': '0.22651', 'bone element': '0.21297', 'bone marrow': '0.3166', 'brain': '0.16257', 'breast': '0.20839', 'colon': '0.22651', 'connective tissue': '0.19366', 'ear': '0.20839', 'embryo': '0.19366', 'endocrine gland': '0.22651', 'epithelium': '0.19366', 'esophagus': '0.22651', 'exocrine gland': '0.22651', 'extraembryonic component': '0.22651', 'eye': '0.3166', 'gonad': '0.20839', 'heart': '0.18611', 'immune organ': '0.22651', 'intestine': '0.22651', 'kidney': '0.22651', 'large intestine': '0.22651', 'limb': '0.18611', 'liver': '0.22651', 'lung': '0.18611', 'lymph node': '0.20839', 'lymphoid tissue': '0.20839', 'mammary gland': '0.22651', 'mouth': '0.20839', 'musculature of body': '0.19366', 'nerve': '0.22651', 'ovary': '0.20839', 'pancreas': '0.36348', 'penis': '0.19366', 'placenta': '0.22651', 'prostate gland': '0.20839', 'skin of body': '0.19366', 'skin of prepuce of penis': '0.3166', 'small intestine': '0.20839', 'spinal cord': '0.18654', 'spleen': '0.22651', 'stomach': '0.22651', 'testis': '0.20839', 'thymus': '0.20839', 'thyroid gland': '0.20839', 'uterus': '0.20839', 'vagina': '0.20839', 'vasculature': '0.22651'}	True	True	True	False	0.0	0.0	False	False	False
chr17	45834623	45834624	rs1294943320	0.60906	4	{'adipose tissue': '0.18004', 'adrenal gland': '0.19569', 'arterial blood vessel': '0.19569', 'blood': '0.19569', 'blood vessel': '0.19569', 'bone element': '0.19569', 'bone marrow': '0.19569', 'brain': '0.27353', 'breast': '0.18004', 'colon': '0.18004', 'connective tissue': '0.19569', 'ear': '0.18004', 'embryo': '0.1382', 'endocrine gland': '0.19569', 'epithelium': '0.16731', 'esophagus': '0.19569', 'exocrine gland': '0.19569', 'extraembryonic component': '0.1382', 'eye': '0.27353', 'gonad': '0.18004', 'heart': '0.19569', 'immune organ': '0.19569', 'intestine': '0.19569', 'kidney': '0.19569', 'large intestine': '0.18004', 'limb': '0.19569', 'liver': '0.19569', 'lung': '0.19569', 'lymph node': '0.18004', 'lymphoid tissue': '0.18004', 'mammary gland': '0.19569', 'mouth': '0.18004', 'musculature of body': '0.16731', 'nerve': '0.19569', 'ovary': '0.18004', 'pancreas': '0.18004', 'penis': '0.11925', 'placenta': '0.1382', 'prostate gland': '0.18004', 'skin of body': '0.11925', 'skin of prepuce of penis': '0.16116', 'small intestine': '0.19569', 'spinal cord': '0.16116', 'spleen': '0.18004', 'stomach': '0.19569', 'testis': '0.18004', 'thymus': '0.19569', 'thyroid gland': '0.18004', 'uterus': '0.18004', 'vagina': '0.18004', 'vasculature': '0.19569'}	True	True	False	False	0.0	0.0	False	False	False
chr17	45834629	45834630	rs753153508	0.60906	4	{'adipose tissue': '0.18004', 'adrenal gland': '0.19569', 'arterial blood vessel': '0.19569', 'blood': '0.19569', 'blood vessel': '0.19569', 'bone element': '0.19569', 'bone marrow': '0.19569', 'brain': '0.27353', 'breast': '0.18004', 'colon': '0.18004', 'connective tissue': '0.19569', 'ear': '0.18004', 'embryo': '0.1382', 'endocrine gland': '0.19569', 'epithelium': '0.16731', 'esophagus': '0.19569', 'exocrine gland': '0.19569', 'extraembryonic component': '0.1382', 'eye': '0.27353', 'gonad': '0.18004', 'heart': '0.19569', 'immune organ': '0.19569', 'intestine': '0.19569', 'kidney': '0.19569', 'large intestine': '0.18004', 'limb': '0.19569', 'liver': '0.19569', 'lung': '0.19569', 'lymph node': '0.18004', 'lymphoid tissue': '0.18004', 'mammary gland': '0.19569', 'mouth': '0.18004', 'musculature of body': '0.16731', 'nerve': '0.19569', 'ovary': '0.18004', 'pancreas': '0.18004', 'penis': '0.11925', 'placenta': '0.1382', 'prostate gland': '0.18004', 'skin of body': '0.11925', 'skin of prepuce of penis': '0.16116', 'small intestine': '0.19569', 'spinal cord': '0.16116', 'spleen': '0.18004', 'stomach': '0.19569', 'testis': '0.18004', 'thymus': '0.19569', 'thyroid gland': '0.18004', 'uterus': '0.18004', 'vagina': '0.18004', 'vasculature': '0.19569'}	True	True	False	False	0.0	0.0	False	False	False
chr17	45834638	45834639	rs749376023	0.60906	4	{'adipose tissue': '0.18004', 'adrenal gland': '0.19569', 'arterial blood vessel': '0.19569', 'blood': '0.19569', 'blood vessel': '0.19569', 'bone element': '0.19569', 'bone marrow': '0.19569', 'brain': '0.27353', 'breast': '0.18004', 'colon': '0.19569', 'connective tissue': '0.19569', 'ear': '0.18004', 'embryo': '0.1382', 'endocrine gland': '0.19569', 'epithelium': '0.16731', 'esophagus': '0.19569', 'exocrine gland': '0.19569', 'extraembryonic component': '0.1382', 'eye': '0.27353', 'gonad': '0.18004', 'heart': '0.19569', 'immune organ': '0.19569', 'intestine': '0.19569', 'kidney': '0.19569', 'large intestine': '0.19569', 'limb': '0.19569', 'liver': '0.19569', 'lung': '0.19569', 'lymph node': '0.18004', 'lymphoid tissue': '0.18004', 'mammary gland': '0.19569', 'mouth': '0.18004', 'musculature of body': '0.16731', 'nerve': '0.19569', 'ovary': '0.18004', 'pancreas': '0.18004', 'penis': '0.11925', 'placenta': '0.1382', 'prostate gland': '0.18004', 'skin of body': '0.11925', 'skin of prepuce of penis': '0.16116', 'small intestine': '0.19569', 'spinal cord': '0.16116', 'spleen': '0.18004', 'stomach': '0.19569', 'testis': '0.18004', 'thymus': '0.19569', 'thyroid gland': '0.18004', 'uterus': '0.18004', 'vagina': '0.18004', 'vasculature': '0.19569'}	True	True	False	False	0.0	0.0	False	False	False
chr17	45834639	45834640	rs778137603	0.60906	4	{'adipose tissue': '0.18004', 'adrenal gland': '0.19569', 'arterial blood vessel': '0.19569', 'blood': '0.19569', 'blood vessel': '0.19569', 'bone element': '0.19569', 'bone marrow': '0.19569', 'brain': '0.27353', 'breast': '0.18004', 'colon': '0.19569', 'connective tissue': '0.19569', 'ear': '0.18004', 'embryo': '0.1382', 'endocrine gland': '0.19569', 'epithelium': '0.16731', 'esophagus': '0.19569', 'exocrine gland': '0.19569', 'extraembryonic component': '0.1382', 'eye': '0.27353', 'gonad': '0.18004', 'heart': '0.19569', 'immune organ': '0.19569', 'intestine': '0.19569', 'kidney': '0.19569', 'large intestine': '0.19569', 'limb': '0.19569', 'liver': '0.19569', 'lung': '0.19569', 'lymph node': '0.18004', 'lymphoid tissue': '0.18004', 'mammary gland': '0.19569', 'mouth': '0.18004', 'musculature of body': '0.16731', 'nerve': '0.19569', 'ovary': '0.18004', 'pancreas': '0.18004', 'penis': '0.11925', 'placenta': '0.1382', 'prostate gland': '0.18004', 'skin of body': '0.11925', 'skin of prepuce of penis': '0.16116', 'small intestine': '0.19569', 'spinal cord': '0.16116', 'spleen': '0.18004', 'stomach': '0.19569', 'testis': '0.18004', 'thymus': '0.19569', 'thyroid gland': '0.18004', 'uterus': '0.18004', 'vagina': '0.18004', 'vasculature': '0.19569'}	True	True	False	False	0.0	0.0	False	False	False
chr17	45834653	45834654	rs370869522	0.60906	4	{'adipose tissue': '0.18004', 'adrenal gland': '0.19569', 'arterial blood vessel': '0.19569', 'blood': '0.19569', 'blood vessel': '0.19569', 'bone element': '0.19569', 'bone marrow': '0.19569', 'brain': '0.27353', 'breast': '0.18004', 'colon': '0.19569', 'connective tissue': '0.19569', 'ear': '0.18004', 'embryo': '0.1382', 'endocrine gland': '0.19569', 'epithelium': '0.16731', 'esophagus': '0.19569', 'exocrine gland': '0.19569', 'extraembryonic component': '0.1382', 'eye': '0.27353', 'gonad': '0.18004', 'heart': '0.19569', 'immune organ': '0.19569', 'intestine': '0.19569', 'kidney': '0.19569', 'large intestine': '0.19569', 'limb': '0.19569', 'liver': '0.19569', 'lung': '0.19569', 'lymph node': '0.18004', 'lymphoid tissue': '0.18004', 'mammary gland': '0.19569', 'mouth': '0.18004', 'musculature of body': '0.16731', 'nerve': '0.19569', 'ovary': '0.18004', 'pancreas': '0.18004', 'penis': '0.11925', 'placenta': '0.1382', 'prostate gland': '0.18004', 'skin of body': '0.11925', 'skin of prepuce of penis': '0.16116', 'small intestine': '0.19569', 'spinal cord': '0.16116', 'spleen': '0.18004', 'stomach': '0.19569', 'testis': '0.18004', 'thymus': '0.19569', 'thyroid gland': '0.18004', 'uterus': '0.18004', 'vagina': '0.18004', 'vasculature': '0.19569'}	True	True	False	False	0.0	0.0	False	False	False
chr17	45834654	45834655	rs757444862	0.60906	4	{'adipose tissue': '0.18004', 'adrenal gland': '0.19569', 'arterial blood vessel': '0.19569', 'blood': '0.19569', 'blood vessel': '0.19569', 'bone element': '0.19569', 'bone marrow': '0.19569', 'brain': '0.27353', 'breast': '0.18004', 'colon': '0.19569', 'connective tissue': '0.19569', 'ear': '0.18004', 'embryo': '0.1382', 'endocrine gland': '0.19569', 'epithelium': '0.16731', 'esophagus': '0.19569', 'exocrine gland': '0.19569', 'extraembryonic component': '0.1382', 'eye': '0.27353', 'gonad': '0.18004', 'heart': '0.19569', 'immune organ': '0.19569', 'intestine': '0.19569', 'kidney': '0.19569', 'large intestine': '0.19569', 'limb': '0.19569', 'liver': '0.19569', 'lung': '0.19569', 'lymph node': '0.18004', 'lymphoid tissue': '0.18004', 'mammary gland': '0.19569', 'mouth': '0.18004', 'musculature of body': '0.16731', 'nerve': '0.19569', 'ovary': '0.18004', 'pancreas': '0.18004', 'penis': '0.11925', 'placenta': '0.1382', 'prostate gland': '0.18004', 'skin of body': '0.11925', 'skin of prepuce of penis': '0.16116', 'small intestine': '0.19569', 'spinal cord': '0.16116', 'spleen': '0.18004', 'stomach': '0.19569', 'testis': '0.18004', 'thymus': '0.19569', 'thyroid gland': '0.18004', 'uterus': '0.18004', 'vagina': '0.18004', 'vasculature': '0.19569'}	True	True	False	False	0.0	0.0	False	False	False
chr17	45834658	45834659	rs1371258872	0.60906	4	{'adipose tissue': '0.18004', 'adrenal gland': '0.19569', 'arterial blood vessel': '0.19569', 'blood': '0.19569', 'blood vessel': '0.19569', 'bone element': '0.19569', 'bone marrow': '0.19569', 'brain': '0.27353', 'breast': '0.18004', 'colon': '0.19569', 'connective tissue': '0.19569', 'ear': '0.18004', 'embryo': '0.1382', 'endocrine gland': '0.19569', 'epithelium': '0.16731', 'esophagus': '0.19569', 'exocrine gland': '0.19569', 'extraembryonic component': '0.1382', 'eye': '0.27353', 'gonad': '0.18004', 'heart': '0.19569', 'immune organ': '0.19569', 'intestine': '0.19569', 'kidney': '0.19569', 'large intestine': '0.19569', 'limb': '0.19569', 'liver': '0.19569', 'lung': '0.19569', 'lymph node': '0.18004', 'lymphoid tissue': '0.18004', 'mammary gland': '0.19569', 'mouth': '0.18004', 'musculature of body': '0.16731', 'nerve': '0.19569', 'ovary': '0.18004', 'pancreas': '0.18004', 'penis': '0.11925', 'placenta': '0.1382', 'prostate gland': '0.18004', 'skin of body': '0.11925', 'skin of prepuce of penis': '0.16116', 'small intestine': '0.19569', 'spinal cord': '0.16116', 'spleen': '0.18004', 'stomach': '0.19569', 'testis': '0.18004', 'thymus': '0.19569', 'thyroid gland': '0.18004', 'uterus': '0.18004', 'vagina': '0.18004', 'vasculature': '0.19569'}	True	True	False	False	0.0	0.0	False	False	False
chr17	45834672	45834673	rs548570748	0.60906	4	{'adipose tissue': '0.18004', 'adrenal gland': '0.19569', 'arterial blood vessel': '0.19569', 'blood': '0.19569', 'blood vessel': '0.19569', 'bone element': '0.19569', 'bone marrow': '0.19569', 'brain': '0.27353', 'breast': '0.18004', 'colon': '0.19569', 'connective tissue': '0.19569', 'ear': '0.18004', 'embryo': '0.1382', 'endocrine gland': '0.19569', 'epithelium': '0.16731', 'esophagus': '0.19569', 'exocrine gland': '0.19569', 'extraembryonic component': '0.1382', 'eye': '0.27353', 'gonad': '0.18004', 'heart': '0.19569', 'immune organ': '0.19569', 'intestine': '0.19569', 'kidney': '0.19569', 'large intestine': '0.19569', 'limb': '0.19569', 'liver': '0.19569', 'lung': '0.19569', 'lymph node': '0.18004', 'lymphoid tissue': '0.18004', 'mammary gland': '0.19569', 'mouth': '0.18004', 'musculature of body': '0.16731', 'nerve': '0.19569', 'ovary': '0.18004', 'pancreas': '0.18004', 'penis': '0.11925', 'placenta': '0.1382', 'prostate gland': '0.18004', 'skin of body': '0.11925', 'skin of prepuce of penis': '0.16116', 'small intestine': '0.19569', 'spinal cord': '0.16116', 'spleen': '0.18004', 'stomach': '0.19569', 'testis': '0.18004', 'thymus': '0.19569', 'thyroid gland': '0.18004', 'uterus': '0.18004', 'vagina': '0.18004', 'vasculature': '0.19569'}	True	True	False	False	0.0	0.0	False	False	False
chr17	45834677	45834678	rs1258391158	0.60906	4	{'adipose tissue': '0.18004', 'adrenal gland': '0.19569', 'arterial blood vessel': '0.19569', 'blood': '0.19569', 'blood vessel': '0.19569', 'bone element': '0.19569', 'bone marrow': '0.19569', 'brain': '0.27353', 'breast': '0.18004', 'colon': '0.19569', 'connective tissue': '0.19569', 'ear': '0.18004', 'embryo': '0.1382', 'endocrine gland': '0.19569', 'epithelium': '0.16731', 'esophagus': '0.19569', 'exocrine gland': '0.19569', 'extraembryonic component': '0.1382', 'eye': '0.27353', 'gonad': '0.18004', 'heart': '0.19569', 'immune organ': '0.19569', 'intestine': '0.19569', 'kidney': '0.19569', 'large intestine': '0.19569', 'limb': '0.19569', 'liver': '0.19569', 'lung': '0.19569', 'lymph node': '0.18004', 'lymphoid tissue': '0.18004', 'mammary gland': '0.19569', 'mouth': '0.18004', 'musculature of body': '0.16731', 'nerve': '0.19569', 'ovary': '0.18004', 'pancreas': '0.18004', 'penis': '0.11925', 'placenta': '0.1382', 'prostate gland': '0.18004', 'skin of body': '0.11925', 'skin of prepuce of penis': '0.16116', 'small intestine': '0.19569', 'spinal cord': '0.16116', 'spleen': '0.18004', 'stomach': '0.19569', 'testis': '0.18004', 'thymus': '0.19569', 'thyroid gland': '0.18004', 'uterus': '0.18004', 'vagina': '0.18004', 'vasculature': '0.19569'}	True	True	False	False	0.0	0.0	False	False	False
chr17	45834678	45834679	rs376504533	0.60906	4	{'adipose tissue': '0.18004', 'adrenal gland': '0.19569', 'arterial blood vessel': '0.19569', 'blood': '0.19569', 'blood vessel': '0.19569', 'bone element': '0.19569', 'bone marrow': '0.19569', 'brain': '0.27353', 'breast': '0.18004', 'colon': '0.19569', 'connective tissue': '0.19569', 'ear': '0.18004', 'embryo': '0.1382', 'endocrine gland': '0.19569', 'epithelium': '0.16731', 'esophagus': '0.19569', 'exocrine gland': '0.19569', 'extraembryonic component': '0.1382', 'eye': '0.27353', 'gonad': '0.18004', 'heart': '0.19569', 'immune organ': '0.19569', 'intestine': '0.19569', 'kidney': '0.19569', 'large intestine': '0.19569', 'limb': '0.19569', 'liver': '0.19569', 'lung': '0.19569', 'lymph node': '0.18004', 'lymphoid tissue': '0.18004', 'mammary gland': '0.19569', 'mouth': '0.18004', 'musculature of body': '0.16731', 'nerve': '0.19569', 'ovary': '0.18004', 'pancreas': '0.18004', 'penis': '0.11925', 'placenta': '0.1382', 'prostate gland': '0.18004', 'skin of body': '0.11925', 'skin of prepuce of penis': '0.16116', 'small intestine': '0.19569', 'spinal cord': '0.16116', 'spleen': '0.18004', 'stomach': '0.19569', 'testis': '0.18004', 'thymus': '0.19569', 'thyroid gland': '0.18004', 'uterus': '0.18004', 'vagina': '0.18004', 'vasculature': '0.19569'}	True	True	False	False	0.0	0.0	False	False	False
chr17	45834684	45834685	rs970324833	0.60906	4	{'adipose tissue': '0.18004', 'adrenal gland': '0.19569', 'arterial blood vessel': '0.19569', 'blood': '0.19569', 'blood vessel': '0.19569', 'bone element': '0.19569', 'bone marrow': '0.19569', 'brain': '0.27353', 'breast': '0.18004', 'colon': '0.19569', 'connective tissue': '0.19569', 'ear': '0.18004', 'embryo': '0.1382', 'endocrine gland': '0.19569', 'epithelium': '0.16731', 'esophagus': '0.19569', 'exocrine gland': '0.19569', 'extraembryonic component': '0.1382', 'eye': '0.27353', 'gonad': '0.18004', 'heart': '0.19569', 'immune organ': '0.19569', 'intestine': '0.19569', 'kidney': '0.19569', 'large intestine': '0.19569', 'limb': '0.19569', 'liver': '0.19569', 'lung': '0.19569', 'lymph node': '0.18004', 'lymphoid tissue': '0.18004', 'mammary gland': '0.19569', 'mouth': '0.18004', 'musculature of body': '0.16731', 'nerve': '0.19569', 'ovary': '0.18004', 'pancreas': '0.18004', 'penis': '0.11925', 'placenta': '0.1382', 'prostate gland': '0.18004', 'skin of body': '0.11925', 'skin of prepuce of penis': '0.16116', 'small intestine': '0.19569', 'spinal cord': '0.16116', 'spleen': '0.18004', 'stomach': '0.19569', 'testis': '0.18004', 'thymus': '0.19569', 'thyroid gland': '0.18004', 'uterus': '0.18004', 'vagina': '0.18004', 'vasculature': '0.19569'}	True	True	False	False	0.0	0.0	False	False	False
chr17	45834692	45834693	rs767268155	0.82852	2b	{'adipose tissue': '0.24491', 'adrenal gland': '0.2662', 'arterial blood vessel': '0.2662', 'blood': '0.2662', 'blood vessel': '0.2662', 'bone element': '0.2662', 'bone marrow': '0.2662', 'brain': '0.37209', 'breast': '0.24491', 'colon': '0.2662', 'connective tissue': '0.21873', 'ear': '0.24491', 'embryo': '0.18799', 'endocrine gland': '0.2662', 'epithelium': '0.22759', 'esophagus': '0.2662', 'exocrine gland': '0.2662', 'extraembryonic component': '0.18799', 'eye': '0.4653', 'gonad': '0.24491', 'heart': '0.21873', 'immune organ': '0.2662', 'intestine': '0.2662', 'kidney': '0.2662', 'large intestine': '0.2662', 'limb': '0.2662', 'liver': '0.2662', 'lung': '0.21873', 'lymph node': '0.24491', 'lymphoid tissue': '0.24491', 'mammary gland': '0.2662', 'mouth': '0.24491', 'musculature of body': '0.22759', 'nerve': '0.2662', 'ovary': '0.24491', 'pancreas': '0.42718', 'penis': '0.16222', 'placenta': '0.18799', 'prostate gland': '0.24491', 'skin of body': '0.16222', 'skin of prepuce of penis': '0.21923', 'small intestine': '0.2662', 'spinal cord': '0.21923', 'spleen': '0.24491', 'stomach': '0.2662', 'testis': '0.24491', 'thymus': '0.2662', 'thyroid gland': '0.24491', 'uterus': '0.24491', 'vagina': '0.24491', 'vasculature': '0.2662'}	True	True	True	False	0.0	1.9900000095367432	True	False	False
chr17	45834693	45834694	rs530958757	0.82852	2b	{'adipose tissue': '0.24491', 'adrenal gland': '0.2662', 'arterial blood vessel': '0.2662', 'blood': '0.2662', 'blood vessel': '0.2662', 'bone element': '0.2662', 'bone marrow': '0.2662', 'brain': '0.37209', 'breast': '0.24491', 'colon': '0.2662', 'connective tissue': '0.21873', 'ear': '0.24491', 'embryo': '0.18799', 'endocrine gland': '0.2662', 'epithelium': '0.22759', 'esophagus': '0.2662', 'exocrine gland': '0.2662', 'extraembryonic component': '0.18799', 'eye': '0.4653', 'gonad': '0.24491', 'heart': '0.21873', 'immune organ': '0.2662', 'intestine': '0.2662', 'kidney': '0.2662', 'large intestine': '0.2662', 'limb': '0.2662', 'liver': '0.2662', 'lung': '0.21873', 'lymph node': '0.24491', 'lymphoid tissue': '0.24491', 'mammary gland': '0.2662', 'mouth': '0.24491', 'musculature of body': '0.22759', 'nerve': '0.2662', 'ovary': '0.24491', 'pancreas': '0.42718', 'penis': '0.16222', 'placenta': '0.18799', 'prostate gland': '0.24491', 'skin of body': '0.16222', 'skin of prepuce of penis': '0.21923', 'small intestine': '0.2662', 'spinal cord': '0.21923', 'spleen': '0.24491', 'stomach': '0.2662', 'testis': '0.24491', 'thymus': '0.2662', 'thyroid gland': '0.24491', 'uterus': '0.24491', 'vagina': '0.24491', 'vasculature': '0.2662'}	True	True	True	False	0.0	1.9900000095367432	True	False	False
chr17	45834717	45834718	rs1398939410	0.60906	4	{'adipose tissue': '0.18004', 'adrenal gland': '0.19569', 'arterial blood vessel': '0.19569', 'blood': '0.19569', 'blood vessel': '0.19569', 'bone element': '0.19569', 'bone marrow': '0.19569', 'brain': '0.27353', 'breast': '0.18004', 'colon': '0.19569', 'connective tissue': '0.19569', 'ear': '0.18004', 'embryo': '0.1382', 'endocrine gland': '0.19569', 'epithelium': '0.16731', 'esophagus': '0.19569', 'exocrine gland': '0.19569', 'extraembryonic component': '0.1382', 'eye': '0.27353', 'gonad': '0.18004', 'heart': '0.19569', 'immune organ': '0.19569', 'intestine': '0.19569', 'kidney': '0.19569', 'large intestine': '0.19569', 'limb': '0.19569', 'liver': '0.19569', 'lung': '0.19569', 'lymph node': '0.18004', 'lymphoid tissue': '0.18004', 'mammary gland': '0.19569', 'mouth': '0.18004', 'musculature of body': '0.16731', 'nerve': '0.19569', 'ovary': '0.18004', 'pancreas': '0.18004', 'penis': '0.11925', 'placenta': '0.1382', 'prostate gland': '0.18004', 'skin of body': '0.11925', 'skin of prepuce of penis': '0.16116', 'small intestine': '0.19569', 'spinal cord': '0.16116', 'spleen': '0.18004', 'stomach': '0.19569', 'testis': '0.18004', 'thymus': '0.19569', 'thyroid gland': '0.18004', 'uterus': '0.18004', 'vagina': '0.18004', 'vasculature': '0.19569'}	True	True	False	False	0.0	0.0	False	False	False
chr17	45834723	45834724	rs375447132	0.70497	4	{'adipose tissue': '0.20839', 'adrenal gland': '0.22651', 'arterial blood vessel': '0.22651', 'blood': '0.22651', 'blood vessel': '0.22651', 'bone element': '0.22651', 'bone marrow': '0.22651', 'brain': '0.3166', 'breast': '0.20839', 'colon': '0.22651', 'connective tissue': '0.18611', 'ear': '0.20839', 'embryo': '0.15996', 'endocrine gland': '0.22651', 'epithelium': '0.19366', 'esophagus': '0.22651', 'exocrine gland': '0.22651', 'extraembryonic component': '0.15996', 'eye': '0.3166', 'gonad': '0.20839', 'heart': '0.18611', 'immune organ': '0.22651', 'intestine': '0.22651', 'kidney': '0.22651', 'large intestine': '0.22651', 'limb': '0.22651', 'liver': '0.22651', 'lung': '0.18611', 'lymph node': '0.20839', 'lymphoid tissue': '0.20839', 'mammary gland': '0.22651', 'mouth': '0.20839', 'musculature of body': '0.19366', 'nerve': '0.22651', 'ovary': '0.20839', 'pancreas': '0.36348', 'penis': '0.13803', 'placenta': '0.15996', 'prostate gland': '0.20839', 'skin of body': '0.13803', 'skin of prepuce of penis': '0.18654', 'small intestine': '0.22651', 'spinal cord': '0.18654', 'spleen': '0.20839', 'stomach': '0.22651', 'testis': '0.20839', 'thymus': '0.22651', 'thyroid gland': '0.20839', 'uterus': '0.20839', 'vagina': '0.20839', 'vasculature': '0.22651'}	True	True	True	False	0.0	0.0	False	False	False